{"data":[{"day_change":15.25,"product":"CNC","quantity":45,"instrument_token":1793,"collateral_type":"","average_price":1403.822034,"realised_quantity":59,"collateral_quantity":0,"pnl":7997.758469999997,"t1_quantity":0,"close_price":1566.3,"price":0,"tradingsymbol":"AARTIIND","exchange":"NSE","day_change_percentage":0.9736321266679436,"isin":"INE769A01020","last_price":1581.55},{"day_change":2.8500000000000227,"product":"CNC","quantity":362,"instrument_token":5058817,"collateral_type":"","average_price":231.26916,"realised_quantity":525,"collateral_quantity":0,"pnl":9117.173280000006,"t1_quantity":130,"close_price":246.95,"price":0,"tradingsymbol":"ADFFOODS","exchange":"NSE","day_change_percentage":1.1540797732334573,"isin":"INE982B01019","last_price":249.8},{"day_change":-0.8000000000000682,"product":"CNC","quantity":27,"instrument_token":39425,"collateral_type":"","average_price":457.38,"realised_quantity":35,"collateral_quantity":0,"pnl":1705.5899999999988,"t1_quantity":0,"close_price":521.35,"price":0,"tradingsymbol":"APCOTEXIND","exchange":"NSE","day_change_percentage":-0.15344777980244906,"isin":"INE116A01024","last_price":520.55},{"day_change":-1.8000000000000114,"product":"CNC","quantity":120,"instrument_token":5535489,"collateral_type":"","average_price":295.189063,"realised_quantity":160,"collateral_quantity":0,"pnl":5461.3124400000015,"t1_quantity":0,"close_price":342.5,"price":0,"tradingsymbol":"APEX","exchange":"NSE","day_change_percentage":-0.5255474452554778,"isin":"INE346W01013","last_price":340.7},{"day_change":-17.65000000000009,"product":"CNC","quantity":48,"instrument_token":3691009,"collateral_type":"","average_price":1130.286719,"realised_quantity":64,"collateral_quantity":0,"pnl":2530.2374880000025,"t1_quantity":0,"close_price":1200.65,"price":0,"tradingsymbol":"ASTRAL","exchange":"NSE","day_change_percentage":-1.4700370632574096,"isin":"INE006I01046","last_price":1183},{"day_change":-3.25,"product":"CNC","quantity":117,"instrument_token":579329,"collateral_type":"","average_price":474.87871,"realised_quantity":155,"collateral_quantity":0,"pnl":6080.640930000001,"t1_quantity":0,"close_price":530.1,"price":0,"tradingsymbol":"BANDHANBNK","exchange":"NSE","day_change_percentage":-0.6130918694585927,"isin":"INE545U01014","last_price":526.85},{"day_change":14.299999999999955,"product":"CNC","quantity":27,"instrument_token":4995329,"collateral_type":"","average_price":991.919444,"realised_quantity":36,"collateral_quantity":0,"pnl":3392.0250119999987,"t1_quantity":0,"close_price":1103.25,"price":0,"tradingsymbol":"BHARATFIN","exchange":"NSE","day_change_percentage":1.2961704056197556,"isin":"INE180K01011","last_price":1117.55},{"day_change":-3.5999999999999943,"product":"CNC","quantity":237,"instrument_token":122113,"collateral_type":"","average_price":155.79462,"realised_quantity":316,"collateral_quantity":0,"pnl":-425.32494000000213,"t1_quantity":0,"close_price":157.6,"price":0,"tradingsymbol":"BIRLACABLE","exchange":"NSE","day_change_percentage":-2.2842639593908594,"isin":"INE800A01015","last_price":154},{"day_change":-0.3499999999999943,"product":"CNC","quantity":143,"instrument_token":3406081,"collateral_type":"","average_price":163.016579,"realised_quantity":190,"collateral_quantity":0,"pnl":7791.129202999999,"t1_quantity":0,"close_price":217.85,"price":0,"tradingsymbol":"CENTURYPLY","exchange":"NSE","day_change_percentage":-0.160661005278859,"isin":"INE348B01021","last_price":217.5},{"day_change":-2.3500000000000227,"product":"CNC","quantity":150,"instrument_token":5105409,"collateral_type":"","average_price":224.225,"realised_quantity":200,"collateral_quantity":0,"pnl":6926.249999999997,"t1_quantity":0,"close_price":272.75,"price":0,"tradingsymbol":"DEEPAKNTR","exchange":"NSE","day_change_percentage":-0.8615948670944171,"isin":"INE288B01029","last_price":270.4},{"day_change":-4.099999999999966,"product":"CNC","quantity":312,"instrument_token":3851265,"collateral_type":"","average_price":247.224038,"realised_quantity":416,"collateral_quantity":0,"pnl":6263.700144000001,"t1_quantity":0,"close_price":271.4,"price":0,"tradingsymbol":"DELTACORP","exchange":"NSE","day_change_percentage":-1.51068533529844,"isin":"INE124G01033","last_price":267.3},{"day_change":0.14999999999997726,"product":"CNC","quantity":45,"instrument_token":3771393,"collateral_type":"","average_price":189.975,"realised_quantity":60,"collateral_quantity":0,"pnl":257.6249999999998,"t1_quantity":0,"close_price":195.55,"price":0,"tradingsymbol":"DLF","exchange":"NSE","day_change_percentage":0.07670672462284697,"isin":"INE271C01023","last_price":195.7},{"day_change":0,"product":"CNC","quantity":298,"instrument_token":3870465,"collateral_type":"","average_price":162.433501,"realised_quantity":397,"collateral_quantity":0,"pnl":9362.116701999996,"t1_quantity":0,"close_price":193.85,"price":0,"tradingsymbol":"EDELWEISS","exchange":"NSE","day_change_percentage":0,"isin":"INE532F01054","last_price":193.85},{"day_change":16.59999999999991,"product":"CNC","quantity":54,"instrument_token":4818433,"collateral_type":"","average_price":1167.952747,"realised_quantity":76,"collateral_quantity":0,"pnl":-27.789543000006233,"t1_quantity":15,"close_price":1150.95,"price":0,"tradingsymbol":"ENDURANCE","exchange":"NSE","day_change_percentage":1.442286806551102,"isin":"INE913H01037","last_price":1167.55},{"day_change":-10.800000000000068,"product":"CNC","quantity":88,"instrument_token":245249,"collateral_type":"","average_price":622.820513,"realised_quantity":117,"collateral_quantity":0,"pnl":12524.994855999998,"t1_quantity":0,"close_price":775.95,"price":0,"tradingsymbol":"ESCORTS","exchange":"NSE","day_change_percentage":-1.3918422578774494,"isin":"INE042A01014","last_price":765.15},{"day_change":-0.75,"product":"CNC","quantity":713,"instrument_token":1586689,"collateral_type":"","average_price":35.022632,"realised_quantity":950,"collateral_quantity":0,"pnl":4047.963384000001,"t1_quantity":0,"close_price":41.45,"price":0,"tradingsymbol":"FCL","exchange":"NSE","day_change_percentage":-1.80940892641737,"isin":"INE045J01026","last_price":40.7},{"day_change":-8.800000000000011,"product":"CNC","quantity":128,"instrument_token":265729,"collateral_type":"","average_price":400.973529,"realised_quantity":170,"collateral_quantity":0,"pnl":8636.988288,"t1_quantity":0,"close_price":477.25,"price":0,"tradingsymbol":"FINCABLES","exchange":"NSE","day_change_percentage":-1.8438973284442142,"isin":"INE235A01022","last_price":468.45},{"day_change":17.75,"product":"CNC","quantity":20,"instrument_token":958465,"collateral_type":"","average_price":1072.590385,"realised_quantity":26,"collateral_quantity":0,"pnl":4741.192300000002,"t1_quantity":0,"close_price":1291.9,"price":0,"tradingsymbol":"FINEORG","exchange":"NSE","day_change_percentage":1.3739453518074154,"isin":"INE686Y01026","last_price":1309.65},{"day_change":-0.049999999999954525,"product":"CNC","quantity":84,"instrument_token":4704769,"collateral_type":"","average_price":437.1625,"realised_quantity":112,"collateral_quantity":0,"pnl":2451.75,"t1_quantity":0,"close_price":466.4,"price":0,"tradingsymbol":"FRETAIL","exchange":"NSE","day_change_percentage":-0.01072041166379814,"isin":"INE752P01024","last_price":466.35},{"day_change":-6.599999999999909,"product":"CNC","quantity":26,"instrument_token":281601,"collateral_type":"","average_price":1120.430882,"realised_quantity":34,"collateral_quantity":0,"pnl":-43.702932000002875,"t1_quantity":0,"close_price":1125.35,"price":0,"tradingsymbol":"GARFIBRES","exchange":"NSE","day_change_percentage":-0.5864842049140186,"isin":"INE276A01018","last_price":1118.75},{"day_change":0.6999999999999993,"product":"CNC","quantity":1013,"instrument_token":3047681,"collateral_type":"","average_price":30.196296,"realised_quantity":1350,"collateral_quantity":0,"pnl":-300.1478480000017,"t1_quantity":0,"close_price":29.2,"price":0,"tradingsymbol":"GENUSPOWER","exchange":"NSE","day_change_percentage":2.3972602739726003,"isin":"INE955D01029","last_price":29.9},{"day_change":-4.7000000000000455,"product":"CNC","quantity":147,"instrument_token":300545,"collateral_type":"","average_price":250.517692,"realised_quantity":195,"collateral_quantity":0,"pnl":8729.199275999996,"t1_quantity":0,"close_price":314.6,"price":0,"tradingsymbol":"GNFC","exchange":"NSE","day_change_percentage":-1.4939605848696902,"isin":"INE113A01013","last_price":309.9},{"day_change":-1.75,"product":"CNC","quantity":109,"instrument_token":2957569,"collateral_type":"","average_price":232.632759,"realised_quantity":145,"collateral_quantity":0,"pnl":4972.279269000001,"t1_quantity":0,"close_price":280,"price":0,"tradingsymbol":"GRUH","exchange":"NSE","day_change_percentage":-0.625,"isin":"INE580B01029","last_price":278.25},{"day_change":-8.549999999999955,"product":"CNC","quantity":23,"instrument_token":7712001,"collateral_type":"","average_price":590.6,"realised_quantity":30,"collateral_quantity":0,"pnl":5753.45,"t1_quantity":0,"close_price":849.3,"price":0,"tradingsymbol":"IBULHSGFIN","exchange":"NSE","day_change_percentage":-1.006711409395968,"isin":"INE148I01020","last_price":840.75},{"day_change":-5.649999999999977,"product":"CNC","quantity":53,"instrument_token":3938305,"collateral_type":"","average_price":271.5,"realised_quantity":70,"collateral_quantity":0,"pnl":3556.300000000001,"t1_quantity":0,"close_price":344.25,"price":0,"tradingsymbol":"IBVENTURES","exchange":"NSE","day_change_percentage":-1.6412490922294778,"isin":"INE274G01010","last_price":338.6},{"day_change":2.4499999999999886,"product":"CNC","quantity":225,"instrument_token":5225729,"collateral_type":"","average_price":184.5125,"realised_quantity":300,"collateral_quantity":0,"pnl":4069.6875000000014,"t1_quantity":0,"close_price":200.15,"price":0,"tradingsymbol":"IOLCP","exchange":"NSE","day_change_percentage":1.2240819385460848,"isin":"INE485C01011","last_price":202.6},{"day_change":0.14999999999999858,"product":"CNC","quantity":833,"instrument_token":5319169,"collateral_type":"","average_price":58.592342,"realised_quantity":1110,"collateral_quantity":0,"pnl":2880.2291139999957,"t1_quantity":0,"close_price":61.9,"price":0,"tradingsymbol":"JAMNAAUTO","exchange":"NSE","day_change_percentage":0.24232633279482807,"isin":"INE039C01032","last_price":62.05},{"day_change":-1.1000000000000014,"product":"CNC","quantity":600,"instrument_token":138041604,"collateral_type":"","average_price":36.544438,"realised_quantity":800,"collateral_quantity":0,"pnl":9963.3372,"t1_quantity":0,"close_price":54.25,"price":0,"tradingsymbol":"JIYAECO","exchange":"BSE","day_change_percentage":-2.0276497695852562,"isin":"INE023S01016","last_price":53.15},{"day_change":-0.5,"product":"CNC","quantity":1040,"instrument_token":3036161,"collateral_type":"","average_price":135.371645,"realised_quantity":1420,"collateral_quantity":0,"pnl":10463.324700000012,"t1_quantity":100,"close_price":145.05,"price":0,"tradingsymbol":"JKPAPER","exchange":"NSE","day_change_percentage":-0.34470872113064455,"isin":"INE789E01012","last_price":144.55},{"day_change":3,"product":"CNC","quantity":243,"instrument_token":3394561,"collateral_type":"","average_price":248.371672,"realised_quantity":323,"collateral_quantity":0,"pnl":13092.433704000003,"t1_quantity":0,"close_price":299.25,"price":0,"tradingsymbol":"KEC","exchange":"NSE","day_change_percentage":1.0025062656641603,"isin":"INE389H01022","last_price":302.25},{"day_change":-5.5,"product":"CNC","quantity":435,"instrument_token":3407361,"collateral_type":"","average_price":338.186121,"realised_quantity":580,"collateral_quantity":0,"pnl":34001.287365000004,"t1_quantity":0,"close_price":421.85,"price":0,"tradingsymbol":"KEI","exchange":"NSE","day_change_percentage":-1.3037809647979137,"isin":"INE878B01027","last_price":416.35},{"day_change":-1.6999999999999886,"product":"CNC","quantity":168,"instrument_token":2707713,"collateral_type":"","average_price":348.682063,"realised_quantity":223,"collateral_quantity":0,"pnl":-1290.5865840000047,"t1_quantity":0,"close_price":342.7,"price":0,"tradingsymbol":"KRBL","exchange":"NSE","day_change_percentage":-0.496060694484969,"isin":"INE001B01026","last_price":341},{"day_change":7.75,"product":"CNC","quantity":53,"instrument_token":131691012,"collateral_type":"","average_price":454.667857,"realised_quantity":70,"collateral_quantity":0,"pnl":6907.603578999999,"t1_quantity":0,"close_price":577.25,"price":0,"tradingsymbol":"MANORG","exchange":"BSE","day_change_percentage":1.342572542226072,"isin":"INE370D01013","last_price":585},{"day_change":-1,"product":"CNC","quantity":2123,"instrument_token":3776001,"collateral_type":"","average_price":54.619488,"realised_quantity":2830,"collateral_quantity":0,"pnl":15031.926976000013,"t1_quantity":0,"close_price":62.7,"price":0,"tradingsymbol":"MEGH","exchange":"NSE","day_change_percentage":-1.5948963317384368,"isin":"INE974H01013","last_price":61.7},{"day_change":-1.3999999999999773,"product":"CNC","quantity":180,"instrument_token":3623425,"collateral_type":"","average_price":299.206875,"realised_quantity":240,"collateral_quantity":0,"pnl":7882.762499999995,"t1_quantity":0,"close_price":344.4,"price":0,"tradingsymbol":"MINDAIND","exchange":"NSE","day_change_percentage":-0.40650406504064385,"isin":"INE405E01023","last_price":343},{"day_change":-1.25,"product":"CNC","quantity":329,"instrument_token":2666241,"collateral_type":"","average_price":829.902626,"realised_quantity":438,"collateral_quantity":0,"pnl":28984.036045999983,"t1_quantity":0,"close_price":919.25,"price":0,"tradingsymbol":"MUTHOOTCAP","exchange":"NSE","day_change_percentage":-0.13598041881968997,"isin":"INE296G01013","last_price":918},{"day_change":21.300000000000068,"product":"CNC","quantity":42,"instrument_token":3756033,"collateral_type":"","average_price":617.161607,"realised_quantity":56,"collateral_quantity":0,"pnl":5209.612506000001,"t1_quantity":0,"close_price":719.9,"price":0,"tradingsymbol":"NAVINFLUOR","exchange":"NSE","day_change_percentage":2.958744270037515,"isin":"INE048G01026","last_price":741.2},{"day_change":-3.299999999999983,"product":"CNC","quantity":443,"instrument_token":625153,"collateral_type":"","average_price":137.665085,"realised_quantity":590,"collateral_quantity":0,"pnl":2872.8173450000004,"t1_quantity":0,"close_price":147.45,"price":0,"tradingsymbol":"NOCIL","exchange":"NSE","day_change_percentage":-2.238046795523895,"isin":"INE163A01018","last_price":144.15},{"day_change":-0.9000000000000057,"product":"CNC","quantity":225,"instrument_token":760833,"collateral_type":"","average_price":134.685167,"realised_quantity":300,"collateral_quantity":0,"pnl":4570.837424999999,"t1_quantity":0,"close_price":155.9,"price":0,"tradingsymbol":"ORIENTELEC","exchange":"NSE","day_change_percentage":-0.577293136626046,"isin":"INE142Z01019","last_price":155},{"day_change":-0.75,"product":"CNC","quantity":975,"instrument_token":638977,"collateral_type":"","average_price":37.046154,"realised_quantity":1300,"collateral_quantity":0,"pnl":-1848.7501500000028,"t1_quantity":0,"close_price":35.9,"price":0,"tradingsymbol":"ORIENTPPR","exchange":"NSE","day_change_percentage":-2.0891364902506964,"isin":"INE592A01026","last_price":35.15},{"day_change":-8.200000000000017,"product":"CNC","quantity":113,"instrument_token":7977729,"collateral_type":"","average_price":194.48,"realised_quantity":150,"collateral_quantity":0,"pnl":4533.56,"t1_quantity":0,"close_price":242.8,"price":0,"tradingsymbol":"ORIENTREF","exchange":"NSE","day_change_percentage":-3.377265238879743,"isin":"INE743M01012","last_price":234.6},{"day_change":-2.3000000000000114,"product":"CNC","quantity":375,"instrument_token":693249,"collateral_type":"","average_price":88.476,"realised_quantity":500,"collateral_quantity":0,"pnl":1171.4999999999982,"t1_quantity":0,"close_price":93.9,"price":0,"tradingsymbol":"PRAKASH","exchange":"NSE","day_change_percentage":-2.449414270500544,"isin":"INE603A01013","last_price":91.6},{"day_change":25.25,"product":"CNC","quantity":51,"instrument_token":1112065,"collateral_type":"","average_price":670.311194,"realised_quantity":67,"collateral_quantity":0,"pnl":4319.129106,"t1_quantity":0,"close_price":729.75,"price":0,"tradingsymbol":"PUNJABCHEM","exchange":"NSE","day_change_percentage":3.460089071599863,"isin":"INE277B01014","last_price":755},{"day_change":-2.0500000000000114,"product":"CNC","quantity":703,"instrument_token":2813441,"collateral_type":"","average_price":386.261419,"realised_quantity":937,"collateral_quantity":0,"pnl":4526.322442999999,"t1_quantity":0,"close_price":394.75,"price":0,"tradingsymbol":"RADICO","exchange":"NSE","day_change_percentage":-0.5193160227992429,"isin":"INE944F01028","last_price":392.7},{"day_change":-3.5500000000000114,"product":"CNC","quantity":1099,"instrument_token":962817,"collateral_type":"","average_price":227.041399,"realised_quantity":1465,"collateral_quantity":0,"pnl":30396.802498999972,"t1_quantity":0,"close_price":258.25,"price":0,"tradingsymbol":"RITES","exchange":"NSE","day_change_percentage":-1.374636979670866,"isin":"INE320J01015","last_price":254.7},{"day_change":-7.75,"product":"CNC","quantity":162,"instrument_token":6585345,"collateral_type":"","average_price":318.652791,"realised_quantity":215,"collateral_quantity":0,"pnl":3976.6478580000016,"t1_quantity":0,"close_price":350.95,"price":0,"tradingsymbol":"RUPA","exchange":"NSE","day_change_percentage":-2.208291779455763,"isin":"INE895B01021","last_price":343.2},{"day_change":-0.5999999999999979,"product":"CNC","quantity":499,"instrument_token":3392257,"collateral_type":"","average_price":33.758872,"realised_quantity":665,"collateral_quantity":0,"pnl":-3322.7771279999974,"t1_quantity":0,"close_price":27.7,"price":0,"tradingsymbol":"SAKUMA","exchange":"NSE","day_change_percentage":-2.1660649819494506,"isin":"INE190H01024","last_price":27.1},{"day_change":18.55000000000001,"product":"CNC","quantity":117,"instrument_token":6546945,"collateral_type":"","average_price":365.570968,"realised_quantity":155,"collateral_quantity":0,"pnl":7959.396744000003,"t1_quantity":0,"close_price":415.05,"price":0,"tradingsymbol":"SHAKTIPUMP","exchange":"NSE","day_change_percentage":4.4693410432478045,"isin":"INE908D01010","last_price":433.6},{"day_change":-6.199999999999989,"product":"CNC","quantity":60,"instrument_token":1277953,"collateral_type":"","average_price":350.45625,"realised_quantity":80,"collateral_quantity":0,"pnl":1010.625,"t1_quantity":0,"close_price":373.5,"price":0,"tradingsymbol":"SHARDACROP","exchange":"NSE","day_change_percentage":-1.6599732262382834,"isin":"INE221J01015","last_price":367.3},{"day_change":-0.44999999999998863,"product":"CNC","quantity":275,"instrument_token":842497,"collateral_type":"","average_price":128.5394,"realised_quantity":400,"collateral_quantity":0,"pnl":285.22500000000406,"t1_quantity":100,"close_price":129.75,"price":0,"tradingsymbol":"STARPAPER","exchange":"NSE","day_change_percentage":-0.34682080924854614,"isin":"INE733A01018","last_price":129.3},{"day_change":-2.8999999999999773,"product":"CNC","quantity":64,"instrument_token":856321,"collateral_type":"","average_price":524.046,"realised_quantity":95,"collateral_quantity":0,"pnl":4531.175999999996,"t1_quantity":30,"close_price":575.15,"price":0,"tradingsymbol":"SUNDRMFAST","exchange":"NSE","day_change_percentage":-0.5042162914022389,"isin":"INE387A01021","last_price":572.25},{"day_change":-2.9000000000000057,"product":"CNC","quantity":300,"instrument_token":3764993,"collateral_type":"","average_price":89.29375,"realised_quantity":400,"collateral_quantity":0,"pnl":4261.874999999999,"t1_quantity":0,"close_price":106.4,"price":0,"tradingsymbol":"TIMETECHNO","exchange":"NSE","day_change_percentage":-2.7255639097744413,"isin":"INE508G01029","last_price":103.5},{"day_change":16.600000000000023,"product":"CNC","quantity":74,"instrument_token":3634689,"collateral_type":"","average_price":539.453061,"realised_quantity":98,"collateral_quantity":0,"pnl":4828.273486,"t1_quantity":0,"close_price":588.1,"price":0,"tradingsymbol":"TIMKEN","exchange":"NSE","day_change_percentage":2.822649209318147,"isin":"INE325A01013","last_price":604.7},{"day_change":21.34999999999991,"product":"CNC","quantity":24,"instrument_token":129711876,"collateral_type":"","average_price":1428.95625,"realised_quantity":32,"collateral_quantity":0,"pnl":2462.25,"t1_quantity":0,"close_price":1510.2,"price":0,"tradingsymbol":"TRANSPEK","exchange":"BSE","day_change_percentage":1.413720037081175,"isin":"INE687A01016","last_price":1531.55},{"day_change":-2.25,"product":"CNC","quantity":601,"instrument_token":2479361,"collateral_type":"","average_price":62.534092,"realised_quantity":1801,"collateral_quantity":0,"pnl":4156.460708000001,"t1_quantity":0,"close_price":71.7,"price":0,"tradingsymbol":"TRIDENT","exchange":"NSE","day_change_percentage":-3.1380753138075312,"isin":"INE064C01014","last_price":69.45},{"day_change":-0.6500000000000057,"product":"CNC","quantity":143,"instrument_token":923393,"collateral_type":"","average_price":219.692105,"realised_quantity":190,"collateral_quantity":0,"pnl":1095.0789849999994,"t1_quantity":0,"close_price":228,"price":0,"tradingsymbol":"UNIVCABLES","exchange":"NSE","day_change_percentage":-0.2850877192982481,"isin":"INE279A01012","last_price":227.35},{"day_change":9.899999999999977,"product":"CNC","quantity":27,"instrument_token":4843777,"collateral_type":"","average_price":794.78,"realised_quantity":35,"collateral_quantity":0,"pnl":3083.9400000000005,"t1_quantity":0,"close_price":899.1,"price":0,"tradingsymbol":"VBL","exchange":"NSE","day_change_percentage":1.1011011011010985,"isin":"INE200M01013","last_price":909},{"day_change":-18.799999999999727,"product":"CNC","quantity":20,"instrument_token":961793,"collateral_type":"","average_price":2112.171667,"realised_quantity":27,"collateral_quantity":0,"pnl":3484.0016590000005,"t1_quantity":3,"close_price":2282.45,"price":0,"tradingsymbol":"VENKEYS","exchange":"NSE","day_change_percentage":-0.8236763127341115,"isin":"INE398A01010","last_price":2263.65},{"day_change":18.549999999999955,"product":"CNC","quantity":33,"instrument_token":4445185,"collateral_type":"","average_price":1479.177907,"realised_quantity":43,"collateral_quantity":0,"pnl":7026.429068999997,"t1_quantity":0,"close_price":1673.55,"price":0,"tradingsymbol":"VINATIORGA","exchange":"NSE","day_change_percentage":1.1084222162468977,"isin":"INE410B01029","last_price":1692.1},{"day_change":2.849999999999966,"product":"CNC","quantity":75,"instrument_token":947969,"collateral_type":"","average_price":460.485,"realised_quantity":100,"collateral_quantity":0,"pnl":2074.8749999999973,"t1_quantity":0,"close_price":485.3,"price":0,"tradingsymbol":"VIPIND","exchange":"NSE","day_change_percentage":0.5872656089017032,"isin":"INE054A01027","last_price":488.15}],"status":"success"}