{"data":[{"day_change":0,"product":"CNC","quantity":59,"instrument_token":1793,"collateral_type":"","average_price":1403.822034,"realised_quantity":59,"collateral_quantity":0,"pnl":3706.849994000004,"t1_quantity":0,"close_price":1466.65,"price":0,"tradingsymbol":"AARTIIND","exchange":"NSE","day_change_percentage":0,"isin":"INE769A01020","last_price":1466.65},{"day_change":-1.1999999999999886,"product":"CNC","quantity":385,"instrument_token":5058817,"collateral_type":"","average_price":225.862299,"realised_quantity":385,"collateral_quantity":0,"pnl":7628.8999349999995,"t1_quantity":50,"close_price":244.6,"price":0,"tradingsymbol":"ADFFOODS","exchange":"NSE","day_change_percentage":-0.4905968928863404,"isin":"INE982B01019","last_price":243.4},{"day_change":-0.09999999999990905,"product":"CNC","quantity":35,"instrument_token":39425,"collateral_type":"","average_price":457.38,"realised_quantity":35,"collateral_quantity":0,"pnl":2268.7000000000016,"t1_quantity":0,"close_price":522.3,"price":0,"tradingsymbol":"APCOTEXIND","exchange":"NSE","day_change_percentage":-0.019146084625676633,"isin":"INE116A01024","last_price":522.2},{"day_change":0,"product":"CNC","quantity":135,"instrument_token":5535489,"collateral_type":"","average_price":292.183333,"realised_quantity":135,"collateral_quantity":0,"pnl":4416.750044999996,"t1_quantity":0,"close_price":324.9,"price":0,"tradingsymbol":"APEX","exchange":"NSE","day_change_percentage":0,"isin":"INE346W01013","last_price":324.9},{"day_change":-2.7000000000000455,"product":"CNC","quantity":48,"instrument_token":3691009,"collateral_type":"","average_price":1139.982292,"realised_quantity":48,"collateral_quantity":0,"pnl":288.84998400000404,"t1_quantity":0,"close_price":1148.7,"price":0,"tradingsymbol":"ASTRAL","exchange":"NSE","day_change_percentage":-0.2350483154870763,"isin":"INE006I01046","last_price":1146},{"day_change":0,"product":"CNC","quantity":140,"instrument_token":2031617,"collateral_type":"","average_price":327.806429,"realised_quantity":140,"collateral_quantity":0,"pnl":11619.099940000004,"t1_quantity":0,"close_price":410.8,"price":0,"tradingsymbol":"AVANTIFEED","exchange":"NSE","day_change_percentage":0,"isin":"INE871C01038","last_price":410.8},{"day_change":0,"product":"CNC","quantity":145,"instrument_token":579329,"collateral_type":"","average_price":473.78069,"realised_quantity":145,"collateral_quantity":0,"pnl":4070.049950000004,"t1_quantity":0,"close_price":501.85,"price":0,"tradingsymbol":"BANDHANBNK","exchange":"NSE","day_change_percentage":0,"isin":"INE545U01014","last_price":501.85},{"day_change":-0.25,"product":"CNC","quantity":36,"instrument_token":4995329,"collateral_type":"","average_price":950.655556,"realised_quantity":36,"collateral_quantity":0,"pnl":4634.799984000001,"t1_quantity":0,"close_price":1079.65,"price":0,"tradingsymbol":"BHARATFIN","exchange":"NSE","day_change_percentage":-0.02315565229472514,"isin":"INE180K01011","last_price":1079.4},{"day_change":0,"product":"CNC","quantity":300,"instrument_token":122113,"collateral_type":"","average_price":156.063667,"realised_quantity":300,"collateral_quantity":0,"pnl":-379.10009999999943,"t1_quantity":0,"close_price":154.8,"price":0,"tradingsymbol":"BIRLACABLE","exchange":"NSE","day_change_percentage":0,"isin":"INE800A01015","last_price":154.8},{"day_change":-1.3000000000000114,"product":"CNC","quantity":106,"instrument_token":806145,"collateral_type":"","average_price":208.19434,"realised_quantity":106,"collateral_quantity":0,"pnl":652.4999599999983,"t1_quantity":0,"close_price":215.65,"price":0,"tradingsymbol":"BOROSIL","exchange":"NSE","day_change_percentage":-0.6028286575469564,"isin":"INE666D01022","last_price":214.35},{"day_change":0,"product":"CNC","quantity":190,"instrument_token":3406081,"collateral_type":"","average_price":163.016579,"realised_quantity":190,"collateral_quantity":0,"pnl":7150.34999,"t1_quantity":0,"close_price":200.65,"price":0,"tradingsymbol":"CENTURYPLY","exchange":"NSE","day_change_percentage":0,"isin":"INE348B01021","last_price":200.65},{"day_change":0,"product":"CNC","quantity":1200,"instrument_token":3536897,"collateral_type":"","average_price":33.741667,"realised_quantity":1200,"collateral_quantity":0,"pnl":4809.9996,"t1_quantity":0,"close_price":37.75,"price":0,"tradingsymbol":"DAAWAT","exchange":"NSE","day_change_percentage":0,"isin":"INE818H01020","last_price":37.75},{"day_change":-0.14999999999997726,"product":"CNC","quantity":200,"instrument_token":5105409,"collateral_type":"","average_price":224.225,"realised_quantity":200,"collateral_quantity":0,"pnl":8665.000000000004,"t1_quantity":0,"close_price":267.7,"price":0,"tradingsymbol":"DEEPAKNTR","exchange":"NSE","day_change_percentage":-0.056032872618594416,"isin":"INE288B01029","last_price":267.55},{"day_change":-0.15000000000000568,"product":"CNC","quantity":546,"instrument_token":3851265,"collateral_type":"","average_price":241.552564,"realised_quantity":546,"collateral_quantity":0,"pnl":217.00005599999946,"t1_quantity":0,"close_price":242.1,"price":0,"tradingsymbol":"DELTACORP","exchange":"NSE","day_change_percentage":-0.06195786864932082,"isin":"INE124G01033","last_price":241.95},{"day_change":0,"product":"CNC","quantity":300,"instrument_token":3870465,"collateral_type":"","average_price":154.928,"realised_quantity":300,"collateral_quantity":0,"pnl":12531.599999999997,"t1_quantity":0,"close_price":196.7,"price":0,"tradingsymbol":"EDELWEISS","exchange":"NSE","day_change_percentage":0,"isin":"INE532F01054","last_price":196.7},{"day_change":-3.75,"product":"CNC","quantity":90,"instrument_token":4818433,"collateral_type":"","average_price":1171.847222,"realised_quantity":90,"collateral_quantity":0,"pnl":-1840.249980000001,"t1_quantity":0,"close_price":1155.15,"price":0,"tradingsymbol":"ENDURANCE","exchange":"NSE","day_change_percentage":-0.32463316452408775,"isin":"INE913H01037","last_price":1151.4},{"day_change":-2.449999999999932,"product":"CNC","quantity":117,"instrument_token":245249,"collateral_type":"","average_price":622.820513,"realised_quantity":117,"collateral_quantity":0,"pnl":21250.649979000005,"t1_quantity":0,"close_price":806.9,"price":0,"tradingsymbol":"ESCORTS","exchange":"NSE","day_change_percentage":-0.3036311810633203,"isin":"INE042A01014","last_price":804.45},{"day_change":0,"product":"CNC","quantity":950,"instrument_token":1586689,"collateral_type":"","average_price":35.022632,"realised_quantity":950,"collateral_quantity":0,"pnl":3635.9996,"t1_quantity":0,"close_price":38.85,"price":0,"tradingsymbol":"FCL","exchange":"NSE","day_change_percentage":0,"isin":"INE045J01026","last_price":38.85},{"day_change":-0.09999999999999432,"product":"CNC","quantity":1270,"instrument_token":6280193,"collateral_type":"","average_price":47.153819,"realised_quantity":1270,"collateral_quantity":0,"pnl":1646.1498700000054,"t1_quantity":0,"close_price":48.55,"price":0,"tradingsymbol":"FILATEX","exchange":"NSE","day_change_percentage":-0.20597322348093577,"isin":"INE816B01027","last_price":48.45},{"day_change":-1.3000000000000114,"product":"CNC","quantity":170,"instrument_token":265729,"collateral_type":"","average_price":400.973529,"realised_quantity":170,"collateral_quantity":0,"pnl":14973.000070000004,"t1_quantity":0,"close_price":490.35,"price":0,"tradingsymbol":"FINCABLES","exchange":"NSE","day_change_percentage":-0.2651167533394537,"isin":"INE235A01022","last_price":489.05},{"day_change":0,"product":"CNC","quantity":26,"instrument_token":958465,"collateral_type":"","average_price":1072.590385,"realised_quantity":26,"collateral_quantity":0,"pnl":4897.349990000002,"t1_quantity":0,"close_price":1260.95,"price":0,"tradingsymbol":"FINEORG","exchange":"NSE","day_change_percentage":0,"isin":"INE686Y01026","last_price":1260.95},{"day_change":0,"product":"CNC","quantity":112,"instrument_token":4704769,"collateral_type":"","average_price":437.1625,"realised_quantity":112,"collateral_quantity":0,"pnl":653.7999999999975,"t1_quantity":0,"close_price":443,"price":0,"tradingsymbol":"FRETAIL","exchange":"NSE","day_change_percentage":0,"isin":"INE752P01024","last_price":443},{"day_change":0,"product":"CNC","quantity":39,"instrument_token":281601,"collateral_type":"","average_price":1117.761538,"realised_quantity":39,"collateral_quantity":0,"pnl":97.05001800000105,"t1_quantity":0,"close_price":1120.25,"price":0,"tradingsymbol":"GARFIBRES","exchange":"NSE","day_change_percentage":0,"isin":"INE276A01018","last_price":1120.25},{"day_change":-0.25,"product":"CNC","quantity":800,"instrument_token":3047681,"collateral_type":"","average_price":30.2075,"realised_quantity":800,"collateral_quantity":0,"pnl":942.499999999999,"t1_quantity":200,"close_price":31.4,"price":0,"tradingsymbol":"GENUSPOWER","exchange":"NSE","day_change_percentage":-0.7961783439490446,"isin":"INE955D01029","last_price":31.15},{"day_change":-0.39999999999997726,"product":"CNC","quantity":195,"instrument_token":300545,"collateral_type":"","average_price":250.517692,"realised_quantity":195,"collateral_quantity":0,"pnl":9756.30006,"t1_quantity":0,"close_price":300.95,"price":0,"tradingsymbol":"GNFC","exchange":"NSE","day_change_percentage":-0.13291244392755516,"isin":"INE113A01013","last_price":300.55},{"day_change":0,"product":"CNC","quantity":145,"instrument_token":2957569,"collateral_type":"","average_price":232.632759,"realised_quantity":145,"collateral_quantity":0,"pnl":4403.249945000001,"t1_quantity":0,"close_price":263,"price":0,"tradingsymbol":"GRUH","exchange":"NSE","day_change_percentage":0,"isin":"INE580B01029","last_price":263},{"day_change":-0.8999999999999773,"product":"CNC","quantity":30,"instrument_token":7712001,"collateral_type":"","average_price":590.6,"realised_quantity":30,"collateral_quantity":0,"pnl":4091.999999999999,"t1_quantity":0,"close_price":727.9,"price":0,"tradingsymbol":"IBULHSGFIN","exchange":"NSE","day_change_percentage":-0.12364335760406336,"isin":"INE148I01020","last_price":727},{"day_change":0,"product":"CNC","quantity":70,"instrument_token":3938305,"collateral_type":"","average_price":271.5,"realised_quantity":70,"collateral_quantity":0,"pnl":808.5000000000008,"t1_quantity":0,"close_price":283.05,"price":0,"tradingsymbol":"IBVENTURES","exchange":"NSE","day_change_percentage":0,"isin":"INE274G01010","last_price":283.05},{"day_change":-0.20000000000001705,"product":"CNC","quantity":340,"instrument_token":5225729,"collateral_type":"","average_price":185.755882,"realised_quantity":340,"collateral_quantity":0,"pnl":-103.9998800000086,"t1_quantity":0,"close_price":185.65,"price":0,"tradingsymbol":"IOLCP","exchange":"NSE","day_change_percentage":-0.107729598707254,"isin":"INE485C01011","last_price":185.45},{"day_change":0,"product":"CNC","quantity":1110,"instrument_token":5319169,"collateral_type":"","average_price":58.592342,"realised_quantity":1110,"collateral_quantity":0,"pnl":508.0003799999945,"t1_quantity":0,"close_price":59.05,"price":0,"tradingsymbol":"JAMNAAUTO","exchange":"NSE","day_change_percentage":0,"isin":"INE039C01032","last_price":59.05},{"day_change":0,"product":"CNC","quantity":800,"instrument_token":138041604,"collateral_type":"","average_price":36.544438,"realised_quantity":800,"collateral_quantity":0,"pnl":15684.4496,"t1_quantity":0,"close_price":56.15,"price":0,"tradingsymbol":"JIYAECO","exchange":"BSE","day_change_percentage":0,"isin":"INE023S01016","last_price":56.15},{"day_change":0,"product":"CNC","quantity":1420,"instrument_token":3036161,"collateral_type":"","average_price":134.869472,"realised_quantity":1420,"collateral_quantity":0,"pnl":7995.349759999997,"t1_quantity":0,"close_price":140.5,"price":0,"tradingsymbol":"JKPAPER","exchange":"NSE","day_change_percentage":0,"isin":"INE789E01012","last_price":140.5},{"day_change":-0.10000000000002274,"product":"CNC","quantity":300,"instrument_token":3394561,"collateral_type":"","average_price":245.153333,"realised_quantity":300,"collateral_quantity":0,"pnl":16304.0001,"t1_quantity":0,"close_price":299.6,"price":0,"tradingsymbol":"KEC","exchange":"NSE","day_change_percentage":-0.03337783711616246,"isin":"INE389H01022","last_price":299.5},{"day_change":0,"product":"CNC","quantity":560,"instrument_token":3407361,"collateral_type":"","average_price":338.186121,"realised_quantity":560,"collateral_quantity":0,"pnl":38288.049819999986,"t1_quantity":20,"close_price":404.2,"price":0,"tradingsymbol":"KEI","exchange":"NSE","day_change_percentage":0,"isin":"INE878B01027","last_price":404.2},{"day_change":0,"product":"CNC","quantity":50,"instrument_token":4259585,"collateral_type":"","average_price":380.572,"realised_quantity":50,"collateral_quantity":0,"pnl":3666.3999999999987,"t1_quantity":0,"close_price":453.9,"price":0,"tradingsymbol":"KIRIINDUS","exchange":"NSE","day_change_percentage":0,"isin":"INE415I01015","last_price":453.9},{"day_change":0,"product":"CNC","quantity":96,"instrument_token":2707713,"collateral_type":"","average_price":351.164063,"realised_quantity":96,"collateral_quantity":0,"pnl":1102.649951999998,"t1_quantity":0,"close_price":362.65,"price":0,"tradingsymbol":"KRBL","exchange":"NSE","day_change_percentage":0,"isin":"INE001B01026","last_price":362.65},{"day_change":0,"product":"CNC","quantity":25,"instrument_token":131691012,"collateral_type":"","average_price":454.667857,"realised_quantity":25,"collateral_quantity":0,"pnl":-326.74999000000184,"t1_quantity":45,"close_price":450,"price":0,"tradingsymbol":"MANORG","exchange":"BSE","day_change_percentage":0,"isin":"INE370D01013","last_price":450},{"day_change":-0.04999999999999716,"product":"CNC","quantity":2680,"instrument_token":3776001,"collateral_type":"","average_price":54.333302,"realised_quantity":2680,"collateral_quantity":0,"pnl":26308.750640000006,"t1_quantity":0,"close_price":64.2,"price":0,"tradingsymbol":"MEGH","exchange":"NSE","day_change_percentage":-0.07788161993769027,"isin":"INE974H01013","last_price":64.15},{"day_change":-0.75,"product":"CNC","quantity":230,"instrument_token":3623425,"collateral_type":"","average_price":299.206875,"realised_quantity":230,"collateral_quantity":0,"pnl":10690.349999999995,"t1_quantity":10,"close_price":344.5,"price":0,"tradingsymbol":"MINDAIND","exchange":"NSE","day_change_percentage":-0.21770682148040638,"isin":"INE405E01023","last_price":343.75},{"day_change":0,"product":"CNC","quantity":438,"instrument_token":2666241,"collateral_type":"","average_price":829.902626,"realised_quantity":438,"collateral_quantity":0,"pnl":31009.249811999995,"t1_quantity":0,"close_price":900.7,"price":0,"tradingsymbol":"MUTHOOTCAP","exchange":"NSE","day_change_percentage":0,"isin":"INE296G01013","last_price":900.7},{"day_change":-1.7999999999999545,"product":"CNC","quantity":66,"instrument_token":3756033,"collateral_type":"","average_price":597.447727,"realised_quantity":66,"collateral_quantity":0,"pnl":6768.450018000001,"t1_quantity":0,"close_price":701.8,"price":0,"tradingsymbol":"NAVINFLUOR","exchange":"NSE","day_change_percentage":-0.2564833285836356,"isin":"INE048G01026","last_price":700},{"day_change":0,"product":"CNC","quantity":590,"instrument_token":625153,"collateral_type":"","average_price":137.665085,"realised_quantity":590,"collateral_quantity":0,"pnl":2823.0998499999905,"t1_quantity":0,"close_price":142.45,"price":0,"tradingsymbol":"NOCIL","exchange":"NSE","day_change_percentage":0,"isin":"INE163A01018","last_price":142.45},{"day_change":-0.25,"product":"CNC","quantity":230,"instrument_token":760833,"collateral_type":"","average_price":133.425217,"realised_quantity":230,"collateral_quantity":0,"pnl":2581.7000900000003,"t1_quantity":0,"close_price":144.9,"price":0,"tradingsymbol":"ORIENTELEC","exchange":"NSE","day_change_percentage":-0.1725327812284334,"isin":"INE142Z01019","last_price":144.65},{"day_change":0,"product":"CNC","quantity":1300,"instrument_token":638977,"collateral_type":"","average_price":37.046154,"realised_quantity":1300,"collateral_quantity":0,"pnl":-3570.0002000000054,"t1_quantity":0,"close_price":34.3,"price":0,"tradingsymbol":"ORIENTPPR","exchange":"NSE","day_change_percentage":0,"isin":"INE592A01026","last_price":34.3},{"day_change":-1.4499999999999886,"product":"CNC","quantity":120,"instrument_token":7977729,"collateral_type":"","average_price":185.875,"realised_quantity":120,"collateral_quantity":0,"pnl":6273.000000000001,"t1_quantity":0,"close_price":239.6,"price":0,"tradingsymbol":"ORIENTREF","exchange":"NSE","day_change_percentage":-0.6051752921535846,"isin":"INE743M01012","last_price":238.15},{"day_change":0,"product":"CNC","quantity":640,"instrument_token":693249,"collateral_type":"","average_price":87.792188,"realised_quantity":640,"collateral_quantity":0,"pnl":2052.9996800000026,"t1_quantity":0,"close_price":91,"price":0,"tradingsymbol":"PRAKASH","exchange":"NSE","day_change_percentage":0,"isin":"INE603A01013","last_price":91},{"day_change":0,"product":"CNC","quantity":77,"instrument_token":1112065,"collateral_type":"","average_price":670.725325,"realised_quantity":77,"collateral_quantity":0,"pnl":1688.1999749999984,"t1_quantity":0,"close_price":692.65,"price":0,"tradingsymbol":"PUNJABCHEM","exchange":"NSE","day_change_percentage":0,"isin":"INE277B01014","last_price":692.65},{"day_change":-0.25,"product":"CNC","quantity":867,"instrument_token":2813441,"collateral_type":"","average_price":385.463033,"realised_quantity":867,"collateral_quantity":0,"pnl":16548.400389000013,"t1_quantity":0,"close_price":404.8,"price":0,"tradingsymbol":"RADICO","exchange":"NSE","day_change_percentage":-0.061758893280632415,"isin":"INE944F01028","last_price":404.55},{"day_change":0,"product":"CNC","quantity":1230,"instrument_token":962817,"collateral_type":"","average_price":224.572061,"realised_quantity":1230,"collateral_quantity":0,"pnl":41825.600090000014,"t1_quantity":80,"close_price":256.5,"price":0,"tradingsymbol":"RITES","exchange":"NSE","day_change_percentage":0,"isin":"INE320J01015","last_price":256.5},{"day_change":0,"product":"CNC","quantity":190,"instrument_token":6585345,"collateral_type":"","average_price":318.02825,"realised_quantity":190,"collateral_quantity":0,"pnl":3734.349999999995,"t1_quantity":10,"close_price":336.7,"price":0,"tradingsymbol":"RUPA","exchange":"NSE","day_change_percentage":0,"isin":"INE895B01021","last_price":336.7},{"day_change":0,"product":"CNC","quantity":665,"instrument_token":3392257,"collateral_type":"","average_price":33.758872,"realised_quantity":665,"collateral_quantity":0,"pnl":-3364.149879999998,"t1_quantity":0,"close_price":28.7,"price":0,"tradingsymbol":"SAKUMA","exchange":"NSE","day_change_percentage":0,"isin":"INE190H01024","last_price":28.7},{"day_change":0,"product":"CNC","quantity":155,"instrument_token":6546945,"collateral_type":"","average_price":365.570968,"realised_quantity":155,"collateral_quantity":0,"pnl":2988.2499600000046,"t1_quantity":0,"close_price":384.85,"price":0,"tradingsymbol":"SHAKTIPUMP","exchange":"NSE","day_change_percentage":0,"isin":"INE908D01010","last_price":384.85},{"day_change":-5.25,"product":"CNC","quantity":70,"instrument_token":1277953,"collateral_type":"","average_price":350.45625,"realised_quantity":70,"collateral_quantity":0,"pnl":835.4999999999973,"t1_quantity":10,"close_price":366.15,"price":0,"tradingsymbol":"SHARDACROP","exchange":"NSE","day_change_percentage":-1.4338385907414994,"isin":"INE221J01015","last_price":360.9},{"day_change":-0.4000000000000057,"product":"CNC","quantity":190,"instrument_token":842497,"collateral_type":"","average_price":130.47375,"realised_quantity":190,"collateral_quantity":0,"pnl":-629.7000000000003,"t1_quantity":50,"close_price":128.25,"price":0,"tradingsymbol":"STARPAPER","exchange":"NSE","day_change_percentage":-0.3118908382066321,"isin":"INE733A01018","last_price":127.85},{"day_change":-0.8999999999999773,"product":"CNC","quantity":115,"instrument_token":856321,"collateral_type":"","average_price":514.45913,"realised_quantity":115,"collateral_quantity":0,"pnl":4104.450050000002,"t1_quantity":0,"close_price":551.05,"price":0,"tradingsymbol":"SUNDRMFAST","exchange":"NSE","day_change_percentage":-0.1633245621994333,"isin":"INE387A01021","last_price":550.15},{"day_change":0,"product":"CNC","quantity":125,"instrument_token":864001,"collateral_type":"","average_price":206.05,"realised_quantity":125,"collateral_quantity":0,"pnl":5718.75,"t1_quantity":0,"close_price":251.8,"price":0,"tradingsymbol":"SURYAROSNI","exchange":"NSE","day_change_percentage":0,"isin":"INE335A01012","last_price":251.8},{"day_change":0,"product":"CNC","quantity":720,"instrument_token":3764993,"collateral_type":"","average_price":87.721667,"realised_quantity":720,"collateral_quantity":0,"pnl":8696.39976,"t1_quantity":0,"close_price":99.8,"price":0,"tradingsymbol":"TIMETECHNO","exchange":"NSE","day_change_percentage":0,"isin":"INE508G01029","last_price":99.8},{"day_change":0,"product":"CNC","quantity":85,"instrument_token":3634689,"collateral_type":"","average_price":536.407647,"realised_quantity":85,"collateral_quantity":0,"pnl":3446.100005000004,"t1_quantity":0,"close_price":576.95,"price":0,"tradingsymbol":"TIMKEN","exchange":"NSE","day_change_percentage":0,"isin":"INE325A01013","last_price":576.95},{"day_change":-0.849999999999909,"product":"CNC","quantity":32,"instrument_token":129711876,"collateral_type":"","average_price":1428.95625,"realised_quantity":32,"collateral_quantity":0,"pnl":1473.4000000000015,"t1_quantity":0,"close_price":1475.85,"price":0,"tradingsymbol":"TRANSPEK","exchange":"BSE","day_change_percentage":-0.0575939289223098,"isin":"INE687A01016","last_price":1475},{"day_change":0,"product":"CNC","quantity":70,"instrument_token":502785,"collateral_type":"","average_price":329.351429,"realised_quantity":70,"collateral_quantity":0,"pnl":2351.8999699999995,"t1_quantity":0,"close_price":362.95,"price":0,"tradingsymbol":"TRENT","exchange":"NSE","day_change_percentage":0,"isin":"INE849A01020","last_price":362.95},{"day_change":0,"product":"CNC","quantity":2101,"instrument_token":2479361,"collateral_type":"","average_price":63.098477,"realised_quantity":2101,"collateral_quantity":0,"pnl":7881.949822999983,"t1_quantity":0,"close_price":66.85,"price":0,"tradingsymbol":"TRIDENT","exchange":"NSE","day_change_percentage":0,"isin":"INE064C01014","last_price":66.85},{"day_change":0,"product":"CNC","quantity":170,"instrument_token":923393,"collateral_type":"","average_price":220.126471,"realised_quantity":170,"collateral_quantity":0,"pnl":488.4999299999984,"t1_quantity":0,"close_price":223,"price":0,"tradingsymbol":"UNIVCABLES","exchange":"NSE","day_change_percentage":0,"isin":"INE279A01012","last_price":223},{"day_change":-1.1499999999999773,"product":"CNC","quantity":140,"instrument_token":3780097,"collateral_type":"","average_price":249.839286,"realised_quantity":140,"collateral_quantity":0,"pnl":5209.499960000004,"t1_quantity":0,"close_price":288.2,"price":0,"tradingsymbol":"V2RETAIL","exchange":"NSE","day_change_percentage":-0.3990284524635591,"isin":"INE945H01013","last_price":287.05},{"day_change":0,"product":"CNC","quantity":32,"instrument_token":4843777,"collateral_type":"","average_price":793.9625,"realised_quantity":32,"collateral_quantity":0,"pnl":535.6000000000022,"t1_quantity":0,"close_price":810.7,"price":0,"tradingsymbol":"VBL","exchange":"NSE","day_change_percentage":0,"isin":"INE200M01013","last_price":810.7},{"day_change":0,"product":"CNC","quantity":27,"instrument_token":961793,"collateral_type":"","average_price":2093.562963,"realised_quantity":27,"collateral_quantity":0,"pnl":4865.049999000004,"t1_quantity":0,"close_price":2273.75,"price":0,"tradingsymbol":"VENKEYS","exchange":"NSE","day_change_percentage":0,"isin":"INE398A01010","last_price":2273.75},{"day_change":0,"product":"CNC","quantity":35,"instrument_token":4445185,"collateral_type":"","average_price":1453.15,"realised_quantity":35,"collateral_quantity":0,"pnl":6511.749999999998,"t1_quantity":0,"close_price":1639.2,"price":0,"tradingsymbol":"VINATIORGA","exchange":"NSE","day_change_percentage":0,"isin":"INE410B01029","last_price":1639.2},{"day_change":-1,"product":"CNC","quantity":100,"instrument_token":947969,"collateral_type":"","average_price":460.485,"realised_quantity":100,"collateral_quantity":0,"pnl":-1658.5000000000036,"t1_quantity":0,"close_price":444.9,"price":0,"tradingsymbol":"VIPIND","exchange":"NSE","day_change_percentage":-0.22476961114857275,"isin":"INE054A01027","last_price":443.9}],"status":"success"}