{"data":[{"day_change":-0.15000000000000568,"product":"CNC","quantity":350,"instrument_token":3478273,"collateral_type":"","average_price":97.121974,"realised_quantity":350,"collateral_quantity":0,"pnl":-483.35012000000006,"t1_quantity":30,"close_price":96,"price":0,"tradingsymbol":"ACE","exchange":"NSE","day_change_percentage":-0.15625000000000594,"isin":"INE731H01025","last_price":95.85},{"day_change":0,"product":"CNC","quantity":123,"instrument_token":5058817,"collateral_type":"","average_price":242.078862,"realised_quantity":123,"collateral_quantity":0,"pnl":1945.999973999999,"t1_quantity":0,"close_price":257.9,"price":0,"tradingsymbol":"ADFFOODS","exchange":"NSE","day_change_percentage":0,"isin":"INE982B01019","last_price":257.9},{"day_change":0,"product":"CNC","quantity":77,"instrument_token":39425,"collateral_type":"","average_price":524.444156,"realised_quantity":77,"collateral_quantity":0,"pnl":-57.300011999998105,"t1_quantity":0,"close_price":523.7,"price":0,"tradingsymbol":"APCOTEXIND","exchange":"NSE","day_change_percentage":0,"isin":"INE116A01024","last_price":523.7},{"day_change":-0.6500000000000341,"product":"CNC","quantity":165,"instrument_token":5535489,"collateral_type":"","average_price":288.312121,"realised_quantity":165,"collateral_quantity":0,"pnl":-2501.7499650000022,"t1_quantity":0,"close_price":273.8,"price":0,"tradingsymbol":"APEX","exchange":"NSE","day_change_percentage":-0.2373995617238985,"isin":"INE346W01013","last_price":273.15},{"day_change":0,"product":"CNC","quantity":60,"instrument_token":2031617,"collateral_type":"","average_price":335.25,"realised_quantity":60,"collateral_quantity":0,"pnl":-338.99999999999864,"t1_quantity":0,"close_price":329.6,"price":0,"tradingsymbol":"AVANTIFEED","exchange":"NSE","day_change_percentage":0,"isin":"INE871C01038","last_price":329.6},{"day_change":-0.9499999999999886,"product":"CNC","quantity":60,"instrument_token":3712257,"collateral_type":"","average_price":410.209091,"realised_quantity":60,"collateral_quantity":0,"pnl":411.49998999999866,"t1_quantity":50,"close_price":414.9,"price":0,"tradingsymbol":"BALAMINES","exchange":"NSE","day_change_percentage":-0.2289708363461048,"isin":"INE050E01027","last_price":413.95},{"day_change":0,"product":"CNC","quantity":188,"instrument_token":579329,"collateral_type":"","average_price":540.166489,"realised_quantity":188,"collateral_quantity":0,"pnl":11164.100068,"t1_quantity":0,"close_price":599.55,"price":0,"tradingsymbol":"BANDHANBNK","exchange":"NSE","day_change_percentage":0,"isin":"INE545U01014","last_price":599.55},{"day_change":-0.5,"product":"CNC","quantity":30,"instrument_token":4630017,"collateral_type":"","average_price":474,"realised_quantity":30,"collateral_quantity":0,"pnl":2833.5000000000014,"t1_quantity":0,"close_price":568.95,"price":0,"tradingsymbol":"DBL","exchange":"NSE","day_change_percentage":-0.08788118463836893,"isin":"INE917M01012","last_price":568.45},{"day_change":-0.5999999999999943,"product":"CNC","quantity":195,"instrument_token":3851265,"collateral_type":"","average_price":207.452564,"realised_quantity":195,"collateral_quantity":0,"pnl":-5967.4999800000005,"t1_quantity":0,"close_price":177.45,"price":0,"tradingsymbol":"DELTACORP","exchange":"NSE","day_change_percentage":-0.3381234150464888,"isin":"INE124G01033","last_price":176.85},{"day_change":0,"product":"CNC","quantity":250,"instrument_token":3870465,"collateral_type":"","average_price":156.8584,"realised_quantity":250,"collateral_quantity":0,"pnl":6322.900000000004,"t1_quantity":0,"close_price":182.15,"price":0,"tradingsymbol":"EDELWEISS","exchange":"NSE","day_change_percentage":0,"isin":"INE532F01054","last_price":182.15},{"day_change":-2.550000000000182,"product":"CNC","quantity":30,"instrument_token":4818433,"collateral_type":"","average_price":1157.642647,"realised_quantity":30,"collateral_quantity":0,"pnl":-239.4499979999996,"t1_quantity":4,"close_price":1153.15,"price":0,"tradingsymbol":"ENDURANCE","exchange":"NSE","day_change_percentage":-0.22113341716170332,"isin":"INE913H01037","last_price":1150.6},{"day_change":0,"product":"CNC","quantity":73,"instrument_token":245249,"collateral_type":"","average_price":633.880769,"realised_quantity":73,"collateral_quantity":0,"pnl":-3083.399981999997,"t1_quantity":5,"close_price":594.35,"price":0,"tradingsymbol":"ESCORTS","exchange":"NSE","day_change_percentage":0,"isin":"INE042A01014","last_price":594.35},{"day_change":0,"product":"CNC","quantity":1400,"instrument_token":6280193,"collateral_type":"","average_price":47.150714,"realised_quantity":1400,"collateral_quantity":0,"pnl":-7350.999600000003,"t1_quantity":0,"close_price":41.9,"price":0,"tradingsymbol":"FILATEX","exchange":"NSE","day_change_percentage":0,"isin":"INE816B01027","last_price":41.9},{"day_change":-4.75,"product":"CNC","quantity":149,"instrument_token":265729,"collateral_type":"","average_price":459.104698,"realised_quantity":149,"collateral_quantity":0,"pnl":-3792.750002000001,"t1_quantity":0,"close_price":438.4,"price":0,"tradingsymbol":"FINCABLES","exchange":"NSE","day_change_percentage":-1.083485401459854,"isin":"INE235A01022","last_price":433.65},{"day_change":-0.5999999999999659,"product":"CNC","quantity":63,"instrument_token":4704769,"collateral_type":"","average_price":451.785714,"realised_quantity":63,"collateral_quantity":0,"pnl":-1022.8499819999984,"t1_quantity":0,"close_price":436.15,"price":0,"tradingsymbol":"FRETAIL","exchange":"NSE","day_change_percentage":-0.13756735068209697,"isin":"INE752P01024","last_price":435.55},{"day_change":-16.299999999999955,"product":"CNC","quantity":23,"instrument_token":281601,"collateral_type":"","average_price":1096.245652,"realised_quantity":23,"collateral_quantity":0,"pnl":-638.1499960000015,"t1_quantity":0,"close_price":1084.8,"price":0,"tradingsymbol":"GARFIBRES","exchange":"NSE","day_change_percentage":-1.5025811209439486,"isin":"INE276A01018","last_price":1068.5},{"day_change":0,"product":"CNC","quantity":500,"instrument_token":3047681,"collateral_type":"","average_price":28,"realised_quantity":500,"collateral_quantity":0,"pnl":-625,"t1_quantity":0,"close_price":26.75,"price":0,"tradingsymbol":"GENUSPOWER","exchange":"NSE","day_change_percentage":0,"isin":"INE955D01029","last_price":26.75},{"day_change":0,"product":"CNC","quantity":102,"instrument_token":299009,"collateral_type":"","average_price":514.327941,"realised_quantity":102,"collateral_quantity":0,"pnl":-1298.2499819999987,"t1_quantity":0,"close_price":501.6,"price":0,"tradingsymbol":"GMBREW","exchange":"NSE","day_change_percentage":0,"isin":"INE075D01018","last_price":501.6},{"day_change":-1.3500000000000227,"product":"CNC","quantity":0,"instrument_token":4754177,"collateral_type":"","average_price":284.403879,"realised_quantity":0,"collateral_quantity":0,"pnl":202.55003599999532,"t1_quantity":116,"close_price":287.5,"price":0,"tradingsymbol":"GNA","exchange":"NSE","day_change_percentage":-0.46956521739131224,"isin":"INE934S01014","last_price":286.15},{"day_change":-1.400000000000091,"product":"CNC","quantity":113,"instrument_token":7712001,"collateral_type":"","average_price":684.926991,"realised_quantity":113,"collateral_quantity":0,"pnl":11257.400016999989,"t1_quantity":0,"close_price":785.95,"price":0,"tradingsymbol":"IBULHSGFIN","exchange":"NSE","day_change_percentage":-0.17812837966792938,"isin":"INE148I01020","last_price":784.55},{"day_change":-0.30000000000001137,"product":"CNC","quantity":130,"instrument_token":3938305,"collateral_type":"","average_price":266.030769,"realised_quantity":130,"collateral_quantity":0,"pnl":7042.000029999996,"t1_quantity":0,"close_price":320.5,"price":0,"tradingsymbol":"IBVENTURES","exchange":"NSE","day_change_percentage":-0.09360374414976955,"isin":"INE274G01010","last_price":320.2},{"day_change":0,"product":"CNC","quantity":27,"instrument_token":1346049,"collateral_type":"","average_price":1471.411111,"realised_quantity":27,"collateral_quantity":0,"pnl":1282.2000030000054,"t1_quantity":0,"close_price":1518.9,"price":0,"tradingsymbol":"INDUSINDBK","exchange":"NSE","day_change_percentage":0,"isin":"INE095A01012","last_price":1518.9},{"day_change":0,"product":"CNC","quantity":374,"instrument_token":5225729,"collateral_type":"","average_price":181.654412,"realised_quantity":374,"collateral_quantity":0,"pnl":-656.1500880000008,"t1_quantity":0,"close_price":179.9,"price":0,"tradingsymbol":"IOLCP","exchange":"NSE","day_change_percentage":0,"isin":"INE485C01011","last_price":179.9},{"day_change":0,"product":"CNC","quantity":705,"instrument_token":5319169,"collateral_type":"","average_price":56.813121,"realised_quantity":705,"collateral_quantity":0,"pnl":131.7496949999983,"t1_quantity":0,"close_price":57,"price":0,"tradingsymbol":"JAMNAAUTO","exchange":"NSE","day_change_percentage":0,"isin":"INE039C01032","last_price":57},{"day_change":0,"product":"CNC","quantity":346,"instrument_token":3036161,"collateral_type":"","average_price":129.329705,"realised_quantity":346,"collateral_quantity":0,"pnl":1133.500095000007,"t1_quantity":95,"close_price":131.9,"price":0,"tradingsymbol":"JKPAPER","exchange":"NSE","day_change_percentage":0,"isin":"INE789E01012","last_price":131.9},{"day_change":0,"product":"CNC","quantity":155,"instrument_token":3394561,"collateral_type":"","average_price":282.449412,"realised_quantity":155,"collateral_quantity":0,"pnl":552.5999599999989,"t1_quantity":15,"close_price":285.7,"price":0,"tradingsymbol":"KEC","exchange":"NSE","day_change_percentage":0,"isin":"INE389H01022","last_price":285.7},{"day_change":0,"product":"CNC","quantity":80,"instrument_token":3407361,"collateral_type":"","average_price":399.46875,"realised_quantity":80,"collateral_quantity":0,"pnl":5553.75,"t1_quantity":40,"close_price":445.75,"price":0,"tradingsymbol":"KEI","exchange":"NSE","day_change_percentage":0,"isin":"INE878B01027","last_price":445.75},{"day_change":-1.849999999999966,"product":"CNC","quantity":106,"instrument_token":2707713,"collateral_type":"","average_price":334.895283,"realised_quantity":106,"collateral_quantity":0,"pnl":1055.2000020000019,"t1_quantity":0,"close_price":346.7,"price":0,"tradingsymbol":"KRBL","exchange":"NSE","day_change_percentage":-0.5336025382174693,"isin":"INE001B01026","last_price":344.85},{"day_change":0,"product":"CNC","quantity":1043,"instrument_token":3776001,"collateral_type":"","average_price":58.672723,"realised_quantity":1043,"collateral_quantity":0,"pnl":4617.649911000004,"t1_quantity":0,"close_price":63.1,"price":0,"tradingsymbol":"MEGH","exchange":"NSE","day_change_percentage":0,"isin":"INE974H01013","last_price":63.1},{"day_change":-2.0499999999999545,"product":"CNC","quantity":35,"instrument_token":3623425,"collateral_type":"","average_price":336.75,"realised_quantity":35,"collateral_quantity":0,"pnl":511.0000000000008,"t1_quantity":0,"close_price":353.4,"price":0,"tradingsymbol":"MINDAIND","exchange":"NSE","day_change_percentage":-0.5800792303338864,"isin":"INE405E01023","last_price":351.35},{"day_change":-11.400000000000091,"product":"CNC","quantity":57,"instrument_token":2666241,"collateral_type":"","average_price":837.044737,"realised_quantity":57,"collateral_quantity":0,"pnl":-4887.450009000006,"t1_quantity":0,"close_price":762.7,"price":0,"tradingsymbol":"MUTHOOTCAP","exchange":"NSE","day_change_percentage":-1.494689917398727,"isin":"INE296G01013","last_price":751.3},{"day_change":0,"product":"CNC","quantity":30,"instrument_token":3756033,"collateral_type":"","average_price":673.141667,"realised_quantity":30,"collateral_quantity":0,"pnl":226.74999000000184,"t1_quantity":0,"close_price":680.7,"price":0,"tradingsymbol":"NAVINFLUOR","exchange":"NSE","day_change_percentage":0,"isin":"INE048G01026","last_price":680.7},{"day_change":-0.29999999999998295,"product":"CNC","quantity":100,"instrument_token":625153,"collateral_type":"","average_price":115.625,"realised_quantity":100,"collateral_quantity":0,"pnl":1292.5000000000011,"t1_quantity":0,"close_price":128.85,"price":0,"tradingsymbol":"NOCIL","exchange":"NSE","day_change_percentage":-0.23282887077996348,"isin":"INE163A01018","last_price":128.55},{"day_change":-0.05000000000000071,"product":"CNC","quantity":530,"instrument_token":638977,"collateral_type":"","average_price":31.945094,"realised_quantity":530,"collateral_quantity":0,"pnl":-235.89982000000052,"t1_quantity":0,"close_price":31.55,"price":0,"tradingsymbol":"ORIENTPPR","exchange":"NSE","day_change_percentage":-0.15847860538827482,"isin":"INE592A01026","last_price":31.5},{"day_change":-0.5500000000000114,"product":"CNC","quantity":90,"instrument_token":2813441,"collateral_type":"","average_price":349.627778,"realised_quantity":90,"collateral_quantity":0,"pnl":-808.0000200000001,"t1_quantity":0,"close_price":341.2,"price":0,"tradingsymbol":"RADICO","exchange":"NSE","day_change_percentage":-0.16119577960141016,"isin":"INE944F01028","last_price":340.65},{"day_change":0,"product":"CNC","quantity":635,"instrument_token":962817,"collateral_type":"","average_price":238.860079,"realised_quantity":635,"collateral_quantity":0,"pnl":10248.849834999992,"t1_quantity":0,"close_price":255,"price":0,"tradingsymbol":"RITES","exchange":"NSE","day_change_percentage":0,"isin":"INE320J01015","last_price":255},{"day_change":0,"product":"CNC","quantity":318,"instrument_token":6585345,"collateral_type":"","average_price":301.786792,"realised_quantity":318,"collateral_quantity":0,"pnl":-6101.39985599999,"t1_quantity":0,"close_price":282.6,"price":0,"tradingsymbol":"RUPA","exchange":"NSE","day_change_percentage":0,"isin":"INE895B01021","last_price":282.6},{"day_change":-0.8500000000000227,"product":"CNC","quantity":145,"instrument_token":6546945,"collateral_type":"","average_price":404.726667,"realised_quantity":145,"collateral_quantity":0,"pnl":850.9999499999935,"t1_quantity":5,"close_price":411.25,"price":0,"tradingsymbol":"SHAKTIPUMP","exchange":"NSE","day_change_percentage":-0.20668693009119093,"isin":"INE908D01010","last_price":410.4},{"day_change":-0.8000000000000114,"product":"CNC","quantity":300,"instrument_token":842497,"collateral_type":"","average_price":124.846333,"realised_quantity":300,"collateral_quantity":0,"pnl":-3148.899900000002,"t1_quantity":0,"close_price":115.15,"price":0,"tradingsymbol":"STARPAPER","exchange":"NSE","day_change_percentage":-0.6947459834997927,"isin":"INE733A01018","last_price":114.35},{"day_change":0,"product":"CNC","quantity":172,"instrument_token":851713,"collateral_type":"","average_price":323.175,"realised_quantity":172,"collateral_quantity":0,"pnl":-2266.100000000002,"t1_quantity":0,"close_price":310,"price":0,"tradingsymbol":"SUDARSCHEM","exchange":"NSE","day_change_percentage":0,"isin":"INE659A01023","last_price":310},{"day_change":-0.9499999999999318,"product":"CNC","quantity":65,"instrument_token":856321,"collateral_type":"","average_price":548.217763,"realised_quantity":65,"collateral_quantity":0,"pnl":-2117.9499879999976,"t1_quantity":11,"close_price":521.3,"price":0,"tradingsymbol":"SUNDRMFAST","exchange":"NSE","day_change_percentage":-0.18223671590253823,"isin":"INE387A01021","last_price":520.35},{"day_change":-0.9499999999999886,"product":"CNC","quantity":0,"instrument_token":864001,"collateral_type":"","average_price":240.420769,"realised_quantity":0,"collateral_quantity":0,"pnl":-43.59998500000046,"t1_quantity":65,"close_price":240.7,"price":0,"tradingsymbol":"SURYAROSNI","exchange":"NSE","day_change_percentage":-0.3946821769837926,"isin":"INE335A01012","last_price":239.75},{"day_change":-0.6000000000000085,"product":"CNC","quantity":455,"instrument_token":3764993,"collateral_type":"","average_price":90.571238,"realised_quantity":455,"collateral_quantity":0,"pnl":-2636.149949999998,"t1_quantity":70,"close_price":86.15,"price":0,"tradingsymbol":"TIMETECHNO","exchange":"NSE","day_change_percentage":-0.6964596633778393,"isin":"INE508G01029","last_price":85.55},{"day_change":0,"product":"CNC","quantity":20,"instrument_token":3634689,"collateral_type":"","average_price":567.85,"realised_quantity":20,"collateral_quantity":0,"pnl":2072.9999999999995,"t1_quantity":0,"close_price":671.5,"price":0,"tradingsymbol":"TIMKEN","exchange":"NSE","day_change_percentage":0,"isin":"INE325A01013","last_price":671.5},{"day_change":-10.349999999999909,"product":"CNC","quantity":37,"instrument_token":129711876,"collateral_type":"","average_price":1452.175676,"realised_quantity":37,"collateral_quantity":0,"pnl":-3034.9500119999993,"t1_quantity":0,"close_price":1380.5,"price":0,"tradingsymbol":"TRANSPEK","exchange":"BSE","day_change_percentage":-0.7497283592901057,"isin":"INE687A01016","last_price":1370.15},{"day_change":0,"product":"CNC","quantity":86,"instrument_token":923393,"collateral_type":"","average_price":211.131325,"realised_quantity":86,"collateral_quantity":0,"pnl":-959.6999500000015,"t1_quantity":80,"close_price":205.35,"price":0,"tradingsymbol":"UNIVCABLES","exchange":"NSE","day_change_percentage":0,"isin":"INE279A01012","last_price":205.35},{"day_change":0,"product":"CNC","quantity":65,"instrument_token":947969,"collateral_type":"","average_price":452.875385,"realised_quantity":65,"collateral_quantity":0,"pnl":-316.90002499999963,"t1_quantity":0,"close_price":448,"price":0,"tradingsymbol":"VIPIND","exchange":"NSE","day_change_percentage":0,"isin":"INE054A01027","last_price":448},{"day_change":0,"product":"CNC","quantity":0,"instrument_token":972545,"collateral_type":"","average_price":231.15,"realised_quantity":0,"collateral_quantity":0,"pnl":-137.5,"t1_quantity":50,"close_price":228.4,"price":0,"tradingsymbol":"WSTCSTPAPR","exchange":"NSE","day_change_percentage":0,"isin":"INE976A01021","last_price":228.4}],"status":"success"}