{"data":[{"day_change":16.700000000000045,"product":"CNC","quantity":59,"instrument_token":1793,"collateral_type":"","average_price":1403.822034,"realised_quantity":59,"collateral_quantity":0,"pnl":10571.499993999998,"t1_quantity":0,"close_price":1566.3,"price":0,"tradingsymbol":"AARTIIND","exchange":"NSE","day_change_percentage":1.066206984613423,"isin":"INE769A01020","last_price":1583},{"day_change":2.9000000000000057,"product":"CNC","quantity":525,"instrument_token":5058817,"collateral_type":"","average_price":231.26916,"realised_quantity":525,"collateral_quantity":0,"pnl":12170.450199999997,"t1_quantity":130,"close_price":246.95,"price":0,"tradingsymbol":"ADFFOODS","exchange":"NSE","day_change_percentage":1.1743267867989495,"isin":"INE982B01019","last_price":249.85},{"day_change":-0.8000000000000682,"product":"CNC","quantity":35,"instrument_token":39425,"collateral_type":"","average_price":457.38,"realised_quantity":35,"collateral_quantity":0,"pnl":2210.9499999999985,"t1_quantity":0,"close_price":521.35,"price":0,"tradingsymbol":"APCOTEXIND","exchange":"NSE","day_change_percentage":-0.15344777980244906,"isin":"INE116A01024","last_price":520.55},{"day_change":-2.3999999999999773,"product":"CNC","quantity":160,"instrument_token":5535489,"collateral_type":"","average_price":295.189063,"realised_quantity":160,"collateral_quantity":0,"pnl":7185.7499200000075,"t1_quantity":0,"close_price":342.5,"price":0,"tradingsymbol":"APEX","exchange":"NSE","day_change_percentage":-0.7007299270072926,"isin":"INE346W01013","last_price":340.1},{"day_change":-10.400000000000091,"product":"CNC","quantity":64,"instrument_token":3691009,"collateral_type":"","average_price":1130.286719,"realised_quantity":64,"collateral_quantity":0,"pnl":3837.6499840000033,"t1_quantity":0,"close_price":1200.65,"price":0,"tradingsymbol":"ASTRAL","exchange":"NSE","day_change_percentage":-0.8661974763669753,"isin":"INE006I01046","last_price":1190.25},{"day_change":-3,"product":"CNC","quantity":155,"instrument_token":579329,"collateral_type":"","average_price":474.87871,"realised_quantity":155,"collateral_quantity":0,"pnl":8094.299950000001,"t1_quantity":0,"close_price":530.1,"price":0,"tradingsymbol":"BANDHANBNK","exchange":"NSE","day_change_percentage":-0.5659309564233164,"isin":"INE545U01014","last_price":527.1},{"day_change":14.25,"product":"CNC","quantity":36,"instrument_token":4995329,"collateral_type":"","average_price":991.919444,"realised_quantity":36,"collateral_quantity":0,"pnl":4520.900016,"t1_quantity":0,"close_price":1103.25,"price":0,"tradingsymbol":"BHARATFIN","exchange":"NSE","day_change_percentage":1.291638341264446,"isin":"INE180K01011","last_price":1117.5},{"day_change":-3.8499999999999943,"product":"CNC","quantity":316,"instrument_token":122113,"collateral_type":"","average_price":155.79462,"realised_quantity":316,"collateral_quantity":0,"pnl":-646.0999200000028,"t1_quantity":0,"close_price":157.6,"price":0,"tradingsymbol":"BIRLACABLE","exchange":"NSE","day_change_percentage":-2.442893401015225,"isin":"INE800A01015","last_price":153.75},{"day_change":0.4000000000000057,"product":"CNC","quantity":190,"instrument_token":3406081,"collateral_type":"","average_price":163.016579,"realised_quantity":190,"collateral_quantity":0,"pnl":10494.349989999999,"t1_quantity":0,"close_price":217.85,"price":0,"tradingsymbol":"CENTURYPLY","exchange":"NSE","day_change_percentage":0.18361257746155873,"isin":"INE348B01021","last_price":218.25},{"day_change":-1.1000000000000227,"product":"CNC","quantity":200,"instrument_token":5105409,"collateral_type":"","average_price":224.225,"realised_quantity":200,"collateral_quantity":0,"pnl":9484.999999999996,"t1_quantity":0,"close_price":272.75,"price":0,"tradingsymbol":"DEEPAKNTR","exchange":"NSE","day_change_percentage":-0.40329972502292305,"isin":"INE288B01029","last_price":271.65},{"day_change":-2.849999999999966,"product":"CNC","quantity":416,"instrument_token":3851265,"collateral_type":"","average_price":247.224038,"realised_quantity":416,"collateral_quantity":0,"pnl":8871.600192000002,"t1_quantity":0,"close_price":271.4,"price":0,"tradingsymbol":"DELTACORP","exchange":"NSE","day_change_percentage":-1.0501105379513507,"isin":"INE124G01033","last_price":268.55},{"day_change":0.5,"product":"CNC","quantity":60,"instrument_token":3771393,"collateral_type":"","average_price":189.975,"realised_quantity":60,"collateral_quantity":0,"pnl":364.500000000001,"t1_quantity":0,"close_price":195.55,"price":0,"tradingsymbol":"DLF","exchange":"NSE","day_change_percentage":0.25568908207619534,"isin":"INE271C01023","last_price":196.05},{"day_change":0.45000000000001705,"product":"CNC","quantity":397,"instrument_token":3870465,"collateral_type":"","average_price":162.433501,"realised_quantity":397,"collateral_quantity":0,"pnl":12651.000103000002,"t1_quantity":0,"close_price":193.85,"price":0,"tradingsymbol":"EDELWEISS","exchange":"NSE","day_change_percentage":0.2321382512251829,"isin":"INE532F01054","last_price":194.3},{"day_change":17.899999999999864,"product":"CNC","quantity":76,"instrument_token":4818433,"collateral_type":"","average_price":1167.952747,"realised_quantity":76,"collateral_quantity":0,"pnl":81.65002299998764,"t1_quantity":15,"close_price":1150.95,"price":0,"tradingsymbol":"ENDURANCE","exchange":"NSE","day_change_percentage":1.555236978148474,"isin":"INE913H01037","last_price":1168.85},{"day_change":-11.100000000000023,"product":"CNC","quantity":117,"instrument_token":245249,"collateral_type":"","average_price":622.820513,"realised_quantity":117,"collateral_quantity":0,"pnl":16617.449979,"t1_quantity":0,"close_price":775.95,"price":0,"tradingsymbol":"ESCORTS","exchange":"NSE","day_change_percentage":-1.4305045428184833,"isin":"INE042A01014","last_price":764.85},{"day_change":-0.5500000000000043,"product":"CNC","quantity":950,"instrument_token":1586689,"collateral_type":"","average_price":35.022632,"realised_quantity":950,"collateral_quantity":0,"pnl":5583.499599999997,"t1_quantity":0,"close_price":41.45,"price":0,"tradingsymbol":"FCL","exchange":"NSE","day_change_percentage":-1.3268998793727484,"isin":"INE045J01026","last_price":40.9},{"day_change":-8.550000000000011,"product":"CNC","quantity":170,"instrument_token":265729,"collateral_type":"","average_price":400.973529,"realised_quantity":170,"collateral_quantity":0,"pnl":11513.50007,"t1_quantity":0,"close_price":477.25,"price":0,"tradingsymbol":"FINCABLES","exchange":"NSE","day_change_percentage":-1.7915138816134126,"isin":"INE235A01022","last_price":468.7},{"day_change":8.099999999999909,"product":"CNC","quantity":26,"instrument_token":958465,"collateral_type":"","average_price":1072.590385,"realised_quantity":26,"collateral_quantity":0,"pnl":5912.649990000001,"t1_quantity":0,"close_price":1291.9,"price":0,"tradingsymbol":"FINEORG","exchange":"NSE","day_change_percentage":0.6269835126557712,"isin":"INE686Y01026","last_price":1300},{"day_change":0.6000000000000227,"product":"CNC","quantity":112,"instrument_token":4704769,"collateral_type":"","average_price":437.1625,"realised_quantity":112,"collateral_quantity":0,"pnl":3341.7999999999975,"t1_quantity":0,"close_price":466.4,"price":0,"tradingsymbol":"FRETAIL","exchange":"NSE","day_change_percentage":0.12864493996569956,"isin":"INE752P01024","last_price":467},{"day_change":-6.599999999999909,"product":"CNC","quantity":34,"instrument_token":281601,"collateral_type":"","average_price":1120.430882,"realised_quantity":34,"collateral_quantity":0,"pnl":-57.14998800000376,"t1_quantity":0,"close_price":1125.35,"price":0,"tradingsymbol":"GARFIBRES","exchange":"NSE","day_change_percentage":-0.5864842049140186,"isin":"INE276A01018","last_price":1118.75},{"day_change":0.75,"product":"CNC","quantity":1350,"instrument_token":3047681,"collateral_type":"","average_price":30.196296,"realised_quantity":1350,"collateral_quantity":0,"pnl":-332.4996000000013,"t1_quantity":0,"close_price":29.2,"price":0,"tradingsymbol":"GENUSPOWER","exchange":"NSE","day_change_percentage":2.568493150684932,"isin":"INE955D01029","last_price":29.95},{"day_change":-4.650000000000034,"product":"CNC","quantity":195,"instrument_token":300545,"collateral_type":"","average_price":250.517692,"realised_quantity":195,"collateral_quantity":0,"pnl":11589.300059999996,"t1_quantity":0,"close_price":314.6,"price":0,"tradingsymbol":"GNFC","exchange":"NSE","day_change_percentage":-1.478067387158307,"isin":"INE113A01013","last_price":309.95},{"day_change":-1.6000000000000227,"product":"CNC","quantity":145,"instrument_token":2957569,"collateral_type":"","average_price":232.632759,"realised_quantity":145,"collateral_quantity":0,"pnl":6636.249944999998,"t1_quantity":0,"close_price":280,"price":0,"tradingsymbol":"GRUH","exchange":"NSE","day_change_percentage":-0.5714285714285796,"isin":"INE580B01029","last_price":278.4},{"day_change":-5.7999999999999545,"product":"CNC","quantity":30,"instrument_token":7712001,"collateral_type":"","average_price":590.6,"realised_quantity":30,"collateral_quantity":0,"pnl":7586.999999999999,"t1_quantity":0,"close_price":849.3,"price":0,"tradingsymbol":"IBULHSGFIN","exchange":"NSE","day_change_percentage":-0.6829153420463858,"isin":"INE148I01020","last_price":843.5},{"day_change":-5.199999999999989,"product":"CNC","quantity":70,"instrument_token":3938305,"collateral_type":"","average_price":271.5,"realised_quantity":70,"collateral_quantity":0,"pnl":4728.500000000001,"t1_quantity":0,"close_price":344.25,"price":0,"tradingsymbol":"IBVENTURES","exchange":"NSE","day_change_percentage":-1.5105301379811151,"isin":"INE274G01010","last_price":339.05},{"day_change":2.5,"product":"CNC","quantity":300,"instrument_token":5225729,"collateral_type":"","average_price":184.5125,"realised_quantity":300,"collateral_quantity":0,"pnl":5441.2500000000055,"t1_quantity":0,"close_price":200.15,"price":0,"tradingsymbol":"IOLCP","exchange":"NSE","day_change_percentage":1.2490632025980515,"isin":"INE485C01011","last_price":202.65},{"day_change":0.14999999999999858,"product":"CNC","quantity":1110,"instrument_token":5319169,"collateral_type":"","average_price":58.592342,"realised_quantity":1110,"collateral_quantity":0,"pnl":3838.0003799999945,"t1_quantity":0,"close_price":61.9,"price":0,"tradingsymbol":"JAMNAAUTO","exchange":"NSE","day_change_percentage":0.24232633279482807,"isin":"INE039C01032","last_price":62.05},{"day_change":-0.9500000000000028,"product":"CNC","quantity":800,"instrument_token":138041604,"collateral_type":"","average_price":36.544438,"realised_quantity":800,"collateral_quantity":0,"pnl":13404.449599999998,"t1_quantity":0,"close_price":54.25,"price":0,"tradingsymbol":"JIYAECO","exchange":"BSE","day_change_percentage":-1.751152073732724,"isin":"INE023S01016","last_price":53.3},{"day_change":-0.05000000000001137,"product":"CNC","quantity":1420,"instrument_token":3036161,"collateral_type":"","average_price":135.371645,"realised_quantity":1420,"collateral_quantity":0,"pnl":14635.099599999998,"t1_quantity":100,"close_price":145.05,"price":0,"tradingsymbol":"JKPAPER","exchange":"NSE","day_change_percentage":-0.034470872113072294,"isin":"INE789E01012","last_price":145},{"day_change":3,"product":"CNC","quantity":323,"instrument_token":3394561,"collateral_type":"","average_price":248.371672,"realised_quantity":323,"collateral_quantity":0,"pnl":17402.699944000004,"t1_quantity":0,"close_price":299.25,"price":0,"tradingsymbol":"KEC","exchange":"NSE","day_change_percentage":1.0025062656641603,"isin":"INE389H01022","last_price":302.25},{"day_change":-4.4500000000000455,"product":"CNC","quantity":580,"instrument_token":3407361,"collateral_type":"","average_price":338.186121,"realised_quantity":580,"collateral_quantity":0,"pnl":45944.04981999998,"t1_quantity":0,"close_price":421.85,"price":0,"tradingsymbol":"KEI","exchange":"NSE","day_change_percentage":-1.0548773260637774,"isin":"INE878B01027","last_price":417.4},{"day_change":-0.5500000000000114,"product":"CNC","quantity":223,"instrument_token":2707713,"collateral_type":"","average_price":348.682063,"realised_quantity":223,"collateral_quantity":0,"pnl":-1456.6500490000112,"t1_quantity":0,"close_price":342.7,"price":0,"tradingsymbol":"KRBL","exchange":"NSE","day_change_percentage":-0.16049022468631788,"isin":"INE001B01026","last_price":342.15},{"day_change":1.75,"product":"CNC","quantity":70,"instrument_token":131691012,"collateral_type":"","average_price":454.667857,"realised_quantity":70,"collateral_quantity":0,"pnl":8703.250009999998,"t1_quantity":0,"close_price":577.25,"price":0,"tradingsymbol":"MANORG","exchange":"BSE","day_change_percentage":0.303161541792984,"isin":"INE370D01013","last_price":579},{"day_change":-0.9500000000000028,"product":"CNC","quantity":2830,"instrument_token":3776001,"collateral_type":"","average_price":54.619488,"realised_quantity":2830,"collateral_quantity":0,"pnl":20179.34896000001,"t1_quantity":0,"close_price":62.7,"price":0,"tradingsymbol":"MEGH","exchange":"NSE","day_change_percentage":-1.5151515151515196,"isin":"INE974H01013","last_price":61.75},{"day_change":-0.5499999999999545,"product":"CNC","quantity":240,"instrument_token":3623425,"collateral_type":"","average_price":299.206875,"realised_quantity":240,"collateral_quantity":0,"pnl":10714.349999999999,"t1_quantity":0,"close_price":344.4,"price":0,"tradingsymbol":"MINDAIND","exchange":"NSE","day_change_percentage":-0.1596980255516709,"isin":"INE405E01023","last_price":343.85},{"day_change":0.39999999999997726,"product":"CNC","quantity":438,"instrument_token":2666241,"collateral_type":"","average_price":829.902626,"realised_quantity":438,"collateral_quantity":0,"pnl":39309.349811999964,"t1_quantity":0,"close_price":919.25,"price":0,"tradingsymbol":"MUTHOOTCAP","exchange":"NSE","day_change_percentage":0.043513734022298314,"isin":"INE296G01013","last_price":919.65},{"day_change":22.050000000000068,"product":"CNC","quantity":56,"instrument_token":3756033,"collateral_type":"","average_price":617.161607,"realised_quantity":56,"collateral_quantity":0,"pnl":6988.150008000002,"t1_quantity":0,"close_price":719.9,"price":0,"tradingsymbol":"NAVINFLUOR","exchange":"NSE","day_change_percentage":3.062925406306441,"isin":"INE048G01026","last_price":741.95},{"day_change":-2.9499999999999886,"product":"CNC","quantity":590,"instrument_token":625153,"collateral_type":"","average_price":137.665085,"realised_quantity":590,"collateral_quantity":0,"pnl":4032.5998499999973,"t1_quantity":0,"close_price":147.45,"price":0,"tradingsymbol":"NOCIL","exchange":"NSE","day_change_percentage":-2.0006781959986357,"isin":"INE163A01018","last_price":144.5},{"day_change":-0.9000000000000057,"product":"CNC","quantity":300,"instrument_token":760833,"collateral_type":"","average_price":134.685167,"realised_quantity":300,"collateral_quantity":0,"pnl":6094.449899999998,"t1_quantity":0,"close_price":155.9,"price":0,"tradingsymbol":"ORIENTELEC","exchange":"NSE","day_change_percentage":-0.577293136626046,"isin":"INE142Z01019","last_price":155},{"day_change":-0.6999999999999957,"product":"CNC","quantity":1300,"instrument_token":638977,"collateral_type":"","average_price":37.046154,"realised_quantity":1300,"collateral_quantity":0,"pnl":-2400.000199999998,"t1_quantity":0,"close_price":35.9,"price":0,"tradingsymbol":"ORIENTPPR","exchange":"NSE","day_change_percentage":-1.9498607242339716,"isin":"INE592A01026","last_price":35.2},{"day_change":-7.950000000000017,"product":"CNC","quantity":150,"instrument_token":7977729,"collateral_type":"","average_price":194.48,"realised_quantity":150,"collateral_quantity":0,"pnl":6055.500000000001,"t1_quantity":0,"close_price":242.8,"price":0,"tradingsymbol":"ORIENTREF","exchange":"NSE","day_change_percentage":-3.2742998352553614,"isin":"INE743M01012","last_price":234.85},{"day_change":-2.3000000000000114,"product":"CNC","quantity":500,"instrument_token":693249,"collateral_type":"","average_price":88.476,"realised_quantity":500,"collateral_quantity":0,"pnl":1561.9999999999977,"t1_quantity":0,"close_price":93.9,"price":0,"tradingsymbol":"PRAKASH","exchange":"NSE","day_change_percentage":-2.449414270500544,"isin":"INE603A01013","last_price":91.6},{"day_change":25.25,"product":"CNC","quantity":67,"instrument_token":1112065,"collateral_type":"","average_price":670.311194,"realised_quantity":67,"collateral_quantity":0,"pnl":5674.150002,"t1_quantity":0,"close_price":729.75,"price":0,"tradingsymbol":"PUNJABCHEM","exchange":"NSE","day_change_percentage":3.460089071599863,"isin":"INE277B01014","last_price":755},{"day_change":-1.1999999999999886,"product":"CNC","quantity":937,"instrument_token":2813441,"collateral_type":"","average_price":386.261419,"realised_quantity":937,"collateral_quantity":0,"pnl":6829.40039700002,"t1_quantity":0,"close_price":394.75,"price":0,"tradingsymbol":"RADICO","exchange":"NSE","day_change_percentage":-0.3039898670044303,"isin":"INE944F01028","last_price":393.55},{"day_change":-3.4000000000000057,"product":"CNC","quantity":1465,"instrument_token":962817,"collateral_type":"","average_price":227.041399,"realised_quantity":1465,"collateral_quantity":0,"pnl":40739.600464999974,"t1_quantity":0,"close_price":258.25,"price":0,"tradingsymbol":"RITES","exchange":"NSE","day_change_percentage":-1.3165537270087146,"isin":"INE320J01015","last_price":254.85},{"day_change":-7,"product":"CNC","quantity":215,"instrument_token":6585345,"collateral_type":"","average_price":318.652791,"realised_quantity":215,"collateral_quantity":0,"pnl":5438.899935000002,"t1_quantity":0,"close_price":350.95,"price":0,"tradingsymbol":"RUPA","exchange":"NSE","day_change_percentage":-1.994586123379399,"isin":"INE895B01021","last_price":343.95},{"day_change":-0.4499999999999993,"product":"CNC","quantity":665,"instrument_token":3392257,"collateral_type":"","average_price":33.758872,"realised_quantity":665,"collateral_quantity":0,"pnl":-4328.399879999998,"t1_quantity":0,"close_price":27.7,"price":0,"tradingsymbol":"SAKUMA","exchange":"NSE","day_change_percentage":-1.6245487364620912,"isin":"INE190H01024","last_price":27.25},{"day_change":19.94999999999999,"product":"CNC","quantity":155,"instrument_token":6546945,"collateral_type":"","average_price":365.570968,"realised_quantity":155,"collateral_quantity":0,"pnl":10761.499960000001,"t1_quantity":0,"close_price":415.05,"price":0,"tradingsymbol":"SHAKTIPUMP","exchange":"NSE","day_change_percentage":4.806649801228765,"isin":"INE908D01010","last_price":435},{"day_change":-6.149999999999977,"product":"CNC","quantity":80,"instrument_token":1277953,"collateral_type":"","average_price":350.45625,"realised_quantity":80,"collateral_quantity":0,"pnl":1351.500000000001,"t1_quantity":0,"close_price":373.5,"price":0,"tradingsymbol":"SHARDACROP","exchange":"NSE","day_change_percentage":-1.6465863453815202,"isin":"INE221J01015","last_price":367.35},{"day_change":-0.30000000000001137,"product":"CNC","quantity":400,"instrument_token":842497,"collateral_type":"","average_price":128.5394,"realised_quantity":400,"collateral_quantity":0,"pnl":455.29999999999404,"t1_quantity":100,"close_price":129.75,"price":0,"tradingsymbol":"STARPAPER","exchange":"NSE","day_change_percentage":-0.2312138728323787,"isin":"INE733A01018","last_price":129.45},{"day_change":-2.25,"product":"CNC","quantity":95,"instrument_token":856321,"collateral_type":"","average_price":524.046,"realised_quantity":95,"collateral_quantity":0,"pnl":6106.749999999991,"t1_quantity":30,"close_price":575.15,"price":0,"tradingsymbol":"SUNDRMFAST","exchange":"NSE","day_change_percentage":-0.3912022950534643,"isin":"INE387A01021","last_price":572.9},{"day_change":-2.8000000000000114,"product":"CNC","quantity":400,"instrument_token":3764993,"collateral_type":"","average_price":89.29375,"realised_quantity":400,"collateral_quantity":0,"pnl":5722.499999999996,"t1_quantity":0,"close_price":106.4,"price":0,"tradingsymbol":"TIMETECHNO","exchange":"NSE","day_change_percentage":-2.6315789473684315,"isin":"INE508G01029","last_price":103.6},{"day_change":16.899999999999977,"product":"CNC","quantity":98,"instrument_token":3634689,"collateral_type":"","average_price":539.453061,"realised_quantity":98,"collateral_quantity":0,"pnl":6423.600021999995,"t1_quantity":0,"close_price":588.1,"price":0,"tradingsymbol":"TIMKEN","exchange":"NSE","day_change_percentage":2.87366094201666,"isin":"INE325A01013","last_price":605},{"day_change":21.299999999999955,"product":"CNC","quantity":32,"instrument_token":129711876,"collateral_type":"","average_price":1428.95625,"realised_quantity":32,"collateral_quantity":0,"pnl":3281.4000000000015,"t1_quantity":0,"close_price":1510.2,"price":0,"tradingsymbol":"TRANSPEK","exchange":"BSE","day_change_percentage":1.4104092173222058,"isin":"INE687A01016","last_price":1531.5},{"day_change":-2.1000000000000085,"product":"CNC","quantity":801,"instrument_token":2479361,"collateral_type":"","average_price":62.534092,"realised_quantity":1801,"collateral_quantity":0,"pnl":5659.792307999995,"t1_quantity":0,"close_price":71.7,"price":0,"tradingsymbol":"TRIDENT","exchange":"NSE","day_change_percentage":-2.928870292887041,"isin":"INE064C01014","last_price":69.6},{"day_change":-0.6500000000000057,"product":"CNC","quantity":190,"instrument_token":923393,"collateral_type":"","average_price":219.692105,"realised_quantity":190,"collateral_quantity":0,"pnl":1455.0000499999992,"t1_quantity":0,"close_price":228,"price":0,"tradingsymbol":"UNIVCABLES","exchange":"NSE","day_change_percentage":-0.2850877192982481,"isin":"INE279A01012","last_price":227.35},{"day_change":9.149999999999977,"product":"CNC","quantity":35,"instrument_token":4843777,"collateral_type":"","average_price":794.78,"realised_quantity":35,"collateral_quantity":0,"pnl":3971.4500000000007,"t1_quantity":0,"close_price":899.1,"price":0,"tradingsymbol":"VBL","exchange":"NSE","day_change_percentage":1.0176843510176816,"isin":"INE200M01013","last_price":908.25},{"day_change":-13.449999999999818,"product":"CNC","quantity":27,"instrument_token":961793,"collateral_type":"","average_price":2112.171667,"realised_quantity":27,"collateral_quantity":0,"pnl":4704.849989999998,"t1_quantity":3,"close_price":2282.45,"price":0,"tradingsymbol":"VENKEYS","exchange":"NSE","day_change_percentage":-0.5892790641635006,"isin":"INE398A01010","last_price":2269},{"day_change":18.450000000000045,"product":"CNC","quantity":43,"instrument_token":4445185,"collateral_type":"","average_price":1479.177907,"realised_quantity":43,"collateral_quantity":0,"pnl":9151.349999,"t1_quantity":0,"close_price":1673.55,"price":0,"tradingsymbol":"VINATIORGA","exchange":"NSE","day_change_percentage":1.1024468943264345,"isin":"INE410B01029","last_price":1692},{"day_change":3.5,"product":"CNC","quantity":100,"instrument_token":947969,"collateral_type":"","average_price":460.485,"realised_quantity":100,"collateral_quantity":0,"pnl":2831.5,"t1_quantity":0,"close_price":485.3,"price":0,"tradingsymbol":"VIPIND","exchange":"NSE","day_change_percentage":0.7212033793529775,"isin":"INE054A01027","last_price":488.8}],"status":"success"}