{"data":[{"day_change":0,"product":"CNC","quantity":59,"instrument_token":1793,"collateral_type":"","average_price":1403.822034,"realised_quantity":59,"collateral_quantity":0,"pnl":10255.849994000004,"t1_quantity":0,"close_price":1577.65,"price":0,"tradingsymbol":"AARTIIND","exchange":"NSE","day_change_percentage":0,"isin":"INE769A01020","last_price":1577.65},{"day_change":-1.3499999999999943,"product":"CNC","quantity":525,"instrument_token":5058817,"collateral_type":"","average_price":228.957838,"realised_quantity":525,"collateral_quantity":0,"pnl":5613.385049999998,"t1_quantity":0,"close_price":241,"price":0,"tradingsymbol":"ADFFOODS","exchange":"NSE","day_change_percentage":-0.5601659751037321,"isin":"INE982B01019","last_price":239.65},{"day_change":0,"product":"CNC","quantity":35,"instrument_token":39425,"collateral_type":"","average_price":457.38,"realised_quantity":35,"collateral_quantity":0,"pnl":2401.7000000000003,"t1_quantity":0,"close_price":526,"price":0,"tradingsymbol":"APCOTEXIND","exchange":"NSE","day_change_percentage":0,"isin":"INE116A01024","last_price":526},{"day_change":-1.4500000000000455,"product":"CNC","quantity":160,"instrument_token":5535489,"collateral_type":"","average_price":295.189063,"realised_quantity":160,"collateral_quantity":0,"pnl":5233.74992,"t1_quantity":0,"close_price":329.35,"price":0,"tradingsymbol":"APEX","exchange":"NSE","day_change_percentage":-0.4402611203886581,"isin":"INE346W01013","last_price":327.9},{"day_change":0,"product":"CNC","quantity":64,"instrument_token":3691009,"collateral_type":"","average_price":1130.286719,"realised_quantity":64,"collateral_quantity":0,"pnl":2023.2499840000091,"t1_quantity":0,"close_price":1161.9,"price":0,"tradingsymbol":"ASTRAL","exchange":"NSE","day_change_percentage":0,"isin":"INE006I01046","last_price":1161.9},{"day_change":0,"product":"CNC","quantity":140,"instrument_token":2031617,"collateral_type":"","average_price":327.806429,"realised_quantity":140,"collateral_quantity":0,"pnl":11339.099940000004,"t1_quantity":0,"close_price":408.8,"price":0,"tradingsymbol":"AVANTIFEED","exchange":"NSE","day_change_percentage":0,"isin":"INE871C01038","last_price":408.8},{"day_change":0,"product":"CNC","quantity":155,"instrument_token":579329,"collateral_type":"","average_price":474.87871,"realised_quantity":155,"collateral_quantity":0,"pnl":7962.549949999998,"t1_quantity":0,"close_price":526.25,"price":0,"tradingsymbol":"BANDHANBNK","exchange":"NSE","day_change_percentage":0,"isin":"INE545U01014","last_price":526.25},{"day_change":-1.599999999999909,"product":"CNC","quantity":36,"instrument_token":4995329,"collateral_type":"","average_price":991.919444,"realised_quantity":36,"collateral_quantity":0,"pnl":4978.100016000002,"t1_quantity":0,"close_price":1131.8,"price":0,"tradingsymbol":"BHARATFIN","exchange":"NSE","day_change_percentage":-0.14136773281497694,"isin":"INE180K01011","last_price":1130.2},{"day_change":0,"product":"CNC","quantity":316,"instrument_token":122113,"collateral_type":"","average_price":155.79462,"realised_quantity":316,"collateral_quantity":0,"pnl":-677.699920000001,"t1_quantity":0,"close_price":153.65,"price":0,"tradingsymbol":"BIRLACABLE","exchange":"NSE","day_change_percentage":0,"isin":"INE800A01015","last_price":153.65},{"day_change":0,"product":"CNC","quantity":190,"instrument_token":3406081,"collateral_type":"","average_price":163.016579,"realised_quantity":190,"collateral_quantity":0,"pnl":8603.84999,"t1_quantity":0,"close_price":208.3,"price":0,"tradingsymbol":"CENTURYPLY","exchange":"NSE","day_change_percentage":0,"isin":"INE348B01021","last_price":208.3},{"day_change":0,"product":"CNC","quantity":800,"instrument_token":3536897,"collateral_type":"","average_price":33.2125,"realised_quantity":800,"collateral_quantity":0,"pnl":4790.000000000004,"t1_quantity":0,"close_price":39.2,"price":0,"tradingsymbol":"DAAWAT","exchange":"NSE","day_change_percentage":0,"isin":"INE818H01020","last_price":39.2},{"day_change":-0.4500000000000455,"product":"CNC","quantity":200,"instrument_token":5105409,"collateral_type":"","average_price":224.225,"realised_quantity":200,"collateral_quantity":0,"pnl":9984.999999999996,"t1_quantity":0,"close_price":274.6,"price":0,"tradingsymbol":"DEEPAKNTR","exchange":"NSE","day_change_percentage":-0.16387472687547175,"isin":"INE288B01029","last_price":274.15},{"day_change":0,"product":"CNC","quantity":416,"instrument_token":3851265,"collateral_type":"","average_price":247.224038,"realised_quantity":416,"collateral_quantity":0,"pnl":3151.6001920000017,"t1_quantity":0,"close_price":254.8,"price":0,"tradingsymbol":"DELTACORP","exchange":"NSE","day_change_percentage":0,"isin":"INE124G01033","last_price":254.8},{"day_change":0,"product":"CNC","quantity":60,"instrument_token":3771393,"collateral_type":"","average_price":189.975,"realised_quantity":60,"collateral_quantity":0,"pnl":748.4999999999997,"t1_quantity":0,"close_price":202.45,"price":0,"tradingsymbol":"DLF","exchange":"NSE","day_change_percentage":0,"isin":"INE271C01023","last_price":202.45},{"day_change":0,"product":"CNC","quantity":397,"instrument_token":3870465,"collateral_type":"","average_price":162.433501,"realised_quantity":397,"collateral_quantity":0,"pnl":14020.650102999998,"t1_quantity":0,"close_price":197.75,"price":0,"tradingsymbol":"EDELWEISS","exchange":"NSE","day_change_percentage":0,"isin":"INE532F01054","last_price":197.75},{"day_change":0,"product":"CNC","quantity":76,"instrument_token":4818433,"collateral_type":"","average_price":1167.952747,"realised_quantity":76,"collateral_quantity":0,"pnl":-575.322507000011,"t1_quantity":5,"close_price":1160.85,"price":0,"tradingsymbol":"ENDURANCE","exchange":"NSE","day_change_percentage":0,"isin":"INE913H01037","last_price":1160.85},{"day_change":-0.8000000000000682,"product":"CNC","quantity":117,"instrument_token":245249,"collateral_type":"","average_price":622.820513,"realised_quantity":117,"collateral_quantity":0,"pnl":20267.849978999995,"t1_quantity":0,"close_price":796.85,"price":0,"tradingsymbol":"ESCORTS","exchange":"NSE","day_change_percentage":-0.10039530651942878,"isin":"INE042A01014","last_price":796.05},{"day_change":-0.6000000000000014,"product":"CNC","quantity":950,"instrument_token":1586689,"collateral_type":"","average_price":35.022632,"realised_quantity":950,"collateral_quantity":0,"pnl":5108.499599999997,"t1_quantity":0,"close_price":41,"price":0,"tradingsymbol":"FCL","exchange":"NSE","day_change_percentage":-1.4634146341463448,"isin":"INE045J01026","last_price":40.4},{"day_change":-0.25,"product":"CNC","quantity":800,"instrument_token":6280193,"collateral_type":"","average_price":46.04125,"realised_quantity":800,"collateral_quantity":0,"pnl":5527.000000000004,"t1_quantity":0,"close_price":53.2,"price":0,"tradingsymbol":"FILATEX","exchange":"NSE","day_change_percentage":-0.4699248120300752,"isin":"INE816B01027","last_price":52.95},{"day_change":-1.900000000000034,"product":"CNC","quantity":170,"instrument_token":265729,"collateral_type":"","average_price":400.973529,"realised_quantity":170,"collateral_quantity":0,"pnl":12661.00007,"t1_quantity":0,"close_price":477.35,"price":0,"tradingsymbol":"FINCABLES","exchange":"NSE","day_change_percentage":-0.3980307950141477,"isin":"INE235A01022","last_price":475.45},{"day_change":0,"product":"CNC","quantity":26,"instrument_token":958465,"collateral_type":"","average_price":1072.590385,"realised_quantity":26,"collateral_quantity":0,"pnl":4337.049990000003,"t1_quantity":0,"close_price":1239.4,"price":0,"tradingsymbol":"FINEORG","exchange":"NSE","day_change_percentage":0,"isin":"INE686Y01026","last_price":1239.4},{"day_change":0,"product":"CNC","quantity":112,"instrument_token":4704769,"collateral_type":"","average_price":437.1625,"realised_quantity":112,"collateral_quantity":0,"pnl":1869,"t1_quantity":0,"close_price":453.85,"price":0,"tradingsymbol":"FRETAIL","exchange":"NSE","day_change_percentage":0,"isin":"INE752P01024","last_price":453.85},{"day_change":-0.75,"product":"CNC","quantity":34,"instrument_token":281601,"collateral_type":"","average_price":1120.430882,"realised_quantity":34,"collateral_quantity":0,"pnl":364.45001199999933,"t1_quantity":0,"close_price":1131.9,"price":0,"tradingsymbol":"GARFIBRES","exchange":"NSE","day_change_percentage":-0.06626027034190299,"isin":"INE276A01018","last_price":1131.15},{"day_change":-0.14999999999999858,"product":"CNC","quantity":1350,"instrument_token":3047681,"collateral_type":"","average_price":30.196296,"realised_quantity":1350,"collateral_quantity":0,"pnl":-1884.9995999999994,"t1_quantity":0,"close_price":28.95,"price":0,"tradingsymbol":"GENUSPOWER","exchange":"NSE","day_change_percentage":-0.5181347150259018,"isin":"INE955D01029","last_price":28.8},{"day_change":-0.9499999999999886,"product":"CNC","quantity":195,"instrument_token":300545,"collateral_type":"","average_price":250.517692,"realised_quantity":195,"collateral_quantity":0,"pnl":10809.300059999996,"t1_quantity":0,"close_price":306.9,"price":0,"tradingsymbol":"GNFC","exchange":"NSE","day_change_percentage":-0.30954708374062845,"isin":"INE113A01013","last_price":305.95},{"day_change":-0.19999999999998863,"product":"CNC","quantity":145,"instrument_token":2957569,"collateral_type":"","average_price":232.632759,"realised_quantity":145,"collateral_quantity":0,"pnl":6259.249945000002,"t1_quantity":0,"close_price":276,"price":0,"tradingsymbol":"GRUH","exchange":"NSE","day_change_percentage":-0.07246376811593791,"isin":"INE580B01029","last_price":275.8},{"day_change":0,"product":"CNC","quantity":30,"instrument_token":7712001,"collateral_type":"","average_price":590.6,"realised_quantity":30,"collateral_quantity":0,"pnl":8029.499999999999,"t1_quantity":0,"close_price":858.25,"price":0,"tradingsymbol":"IBULHSGFIN","exchange":"NSE","day_change_percentage":0,"isin":"INE148I01020","last_price":858.25},{"day_change":0,"product":"CNC","quantity":70,"instrument_token":3938305,"collateral_type":"","average_price":271.5,"realised_quantity":70,"collateral_quantity":0,"pnl":3825.499999999998,"t1_quantity":0,"close_price":326.15,"price":0,"tradingsymbol":"IBVENTURES","exchange":"NSE","day_change_percentage":0,"isin":"INE274G01010","last_price":326.15},{"day_change":0,"product":"CNC","quantity":300,"instrument_token":5225729,"collateral_type":"","average_price":184.5125,"realised_quantity":300,"collateral_quantity":0,"pnl":1856.25,"t1_quantity":0,"close_price":190.7,"price":0,"tradingsymbol":"IOLCP","exchange":"NSE","day_change_percentage":0,"isin":"INE485C01011","last_price":190.7},{"day_change":0,"product":"CNC","quantity":1110,"instrument_token":5319169,"collateral_type":"","average_price":58.592342,"realised_quantity":1110,"collateral_quantity":0,"pnl":4670.500379999994,"t1_quantity":0,"close_price":62.8,"price":0,"tradingsymbol":"JAMNAAUTO","exchange":"NSE","day_change_percentage":0,"isin":"INE039C01032","last_price":62.8},{"day_change":0,"product":"CNC","quantity":800,"instrument_token":138041604,"collateral_type":"","average_price":36.544438,"realised_quantity":800,"collateral_quantity":0,"pnl":13964.4496,"t1_quantity":0,"close_price":54,"price":0,"tradingsymbol":"JIYAECO","exchange":"BSE","day_change_percentage":0,"isin":"INE023S01016","last_price":54},{"day_change":-1.0500000000000114,"product":"CNC","quantity":1420,"instrument_token":3036161,"collateral_type":"","average_price":135.101973,"realised_quantity":1420,"collateral_quantity":0,"pnl":9582.19834000001,"t1_quantity":0,"close_price":142.9,"price":0,"tradingsymbol":"JKPAPER","exchange":"NSE","day_change_percentage":-0.7347795661301688,"isin":"INE789E01012","last_price":141.85},{"day_change":0,"product":"CNC","quantity":323,"instrument_token":3394561,"collateral_type":"","average_price":248.371672,"realised_quantity":323,"collateral_quantity":0,"pnl":16595.199944000004,"t1_quantity":0,"close_price":299.75,"price":0,"tradingsymbol":"KEC","exchange":"NSE","day_change_percentage":0,"isin":"INE389H01022","last_price":299.75},{"day_change":-0.1500000000000341,"product":"CNC","quantity":580,"instrument_token":3407361,"collateral_type":"","average_price":338.186121,"realised_quantity":580,"collateral_quantity":0,"pnl":50613.049819999986,"t1_quantity":0,"close_price":425.6,"price":0,"tradingsymbol":"KEI","exchange":"NSE","day_change_percentage":-0.03524436090226365,"isin":"INE878B01027","last_price":425.45},{"day_change":-1.5,"product":"CNC","quantity":223,"instrument_token":2707713,"collateral_type":"","average_price":348.682063,"realised_quantity":223,"collateral_quantity":0,"pnl":-2727.750049000009,"t1_quantity":0,"close_price":337.95,"price":0,"tradingsymbol":"KRBL","exchange":"NSE","day_change_percentage":-0.4438526409232135,"isin":"INE001B01026","last_price":336.45},{"day_change":0,"product":"CNC","quantity":70,"instrument_token":131691012,"collateral_type":"","average_price":454.667857,"realised_quantity":70,"collateral_quantity":0,"pnl":6659.250009999995,"t1_quantity":0,"close_price":549.8,"price":0,"tradingsymbol":"MANORG","exchange":"BSE","day_change_percentage":0,"isin":"INE370D01013","last_price":549.8},{"day_change":-0.19999999999999574,"product":"CNC","quantity":2830,"instrument_token":3776001,"collateral_type":"","average_price":54.619488,"realised_quantity":2830,"collateral_quantity":0,"pnl":18339.848960000014,"t1_quantity":0,"close_price":61.3,"price":0,"tradingsymbol":"MEGH","exchange":"NSE","day_change_percentage":-0.3262642740619833,"isin":"INE974H01013","last_price":61.1},{"day_change":-0.25,"product":"CNC","quantity":240,"instrument_token":3623425,"collateral_type":"","average_price":299.206875,"realised_quantity":240,"collateral_quantity":0,"pnl":6526.3499999999885,"t1_quantity":0,"close_price":326.65,"price":0,"tradingsymbol":"MINDAIND","exchange":"NSE","day_change_percentage":-0.07653451706719731,"isin":"INE405E01023","last_price":326.4},{"day_change":0,"product":"CNC","quantity":438,"instrument_token":2666241,"collateral_type":"","average_price":829.902626,"realised_quantity":438,"collateral_quantity":0,"pnl":32607.949811999984,"t1_quantity":0,"close_price":904.35,"price":0,"tradingsymbol":"MUTHOOTCAP","exchange":"NSE","day_change_percentage":0,"isin":"INE296G01013","last_price":904.35},{"day_change":-3.5499999999999545,"product":"CNC","quantity":56,"instrument_token":3756033,"collateral_type":"","average_price":617.161607,"realised_quantity":56,"collateral_quantity":0,"pnl":5064.550008000001,"t1_quantity":0,"close_price":711.15,"price":0,"tradingsymbol":"NAVINFLUOR","exchange":"NSE","day_change_percentage":-0.4991914504675462,"isin":"INE048G01026","last_price":707.6},{"day_change":-0.700000000000017,"product":"CNC","quantity":590,"instrument_token":625153,"collateral_type":"","average_price":137.665085,"realised_quantity":590,"collateral_quantity":0,"pnl":5183.0998499999905,"t1_quantity":0,"close_price":147.15,"price":0,"tradingsymbol":"NOCIL","exchange":"NSE","day_change_percentage":-0.4757050628610377,"isin":"INE163A01018","last_price":146.45},{"day_change":-0.15000000000000568,"product":"CNC","quantity":300,"instrument_token":760833,"collateral_type":"","average_price":134.685167,"realised_quantity":300,"collateral_quantity":0,"pnl":5329.449899999994,"t1_quantity":0,"close_price":152.6,"price":0,"tradingsymbol":"ORIENTELEC","exchange":"NSE","day_change_percentage":-0.09829619921363413,"isin":"INE142Z01019","last_price":152.45},{"day_change":-0.10000000000000142,"product":"CNC","quantity":1300,"instrument_token":638977,"collateral_type":"","average_price":37.046154,"realised_quantity":1300,"collateral_quantity":0,"pnl":-2660.0002000000018,"t1_quantity":0,"close_price":35.1,"price":0,"tradingsymbol":"ORIENTPPR","exchange":"NSE","day_change_percentage":-0.28490028490028896,"isin":"INE592A01026","last_price":35},{"day_change":0,"product":"CNC","quantity":150,"instrument_token":7977729,"collateral_type":"","average_price":194.48,"realised_quantity":150,"collateral_quantity":0,"pnl":6618.000000000001,"t1_quantity":0,"close_price":238.6,"price":0,"tradingsymbol":"ORIENTREF","exchange":"NSE","day_change_percentage":0,"isin":"INE743M01012","last_price":238.6},{"day_change":-0.5,"product":"CNC","quantity":500,"instrument_token":693249,"collateral_type":"","average_price":88.476,"realised_quantity":500,"collateral_quantity":0,"pnl":536.9999999999991,"t1_quantity":0,"close_price":90.05,"price":0,"tradingsymbol":"PRAKASH","exchange":"NSE","day_change_percentage":-0.5552470849528041,"isin":"INE603A01013","last_price":89.55},{"day_change":-6.25,"product":"CNC","quantity":77,"instrument_token":1112065,"collateral_type":"","average_price":670.725325,"realised_quantity":77,"collateral_quantity":0,"pnl":1129.9499749999984,"t1_quantity":0,"close_price":691.65,"price":0,"tradingsymbol":"PUNJABCHEM","exchange":"NSE","day_change_percentage":-0.9036362321983663,"isin":"INE277B01014","last_price":685.4},{"day_change":-0.14999999999997726,"product":"CNC","quantity":937,"instrument_token":2813441,"collateral_type":"","average_price":386.261419,"realised_quantity":937,"collateral_quantity":0,"pnl":8281.75039700003,"t1_quantity":0,"close_price":395.25,"price":0,"tradingsymbol":"RADICO","exchange":"NSE","day_change_percentage":-0.03795066413661664,"isin":"INE944F01028","last_price":395.1},{"day_change":0,"product":"CNC","quantity":1465,"instrument_token":962817,"collateral_type":"","average_price":227.041399,"realised_quantity":1465,"collateral_quantity":0,"pnl":48211.10046499997,"t1_quantity":0,"close_price":259.95,"price":0,"tradingsymbol":"RITES","exchange":"NSE","day_change_percentage":0,"isin":"INE320J01015","last_price":259.95},{"day_change":-0.5500000000000114,"product":"CNC","quantity":215,"instrument_token":6585345,"collateral_type":"","average_price":318.652791,"realised_quantity":215,"collateral_quantity":0,"pnl":5288.399935000005,"t1_quantity":0,"close_price":343.8,"price":0,"tradingsymbol":"RUPA","exchange":"NSE","day_change_percentage":-0.15997673065736223,"isin":"INE895B01021","last_price":343.25},{"day_change":-0.25,"product":"CNC","quantity":665,"instrument_token":3392257,"collateral_type":"","average_price":33.758872,"realised_quantity":665,"collateral_quantity":0,"pnl":-4328.399879999998,"t1_quantity":0,"close_price":27.5,"price":0,"tradingsymbol":"SAKUMA","exchange":"NSE","day_change_percentage":-0.9090909090909091,"isin":"INE190H01024","last_price":27.25},{"day_change":-0.9000000000000341,"product":"CNC","quantity":155,"instrument_token":6546945,"collateral_type":"","average_price":365.570968,"realised_quantity":155,"collateral_quantity":0,"pnl":4631.249959999999,"t1_quantity":0,"close_price":396.35,"price":0,"tradingsymbol":"SHAKTIPUMP","exchange":"NSE","day_change_percentage":-0.22707203229469763,"isin":"INE908D01010","last_price":395.45},{"day_change":-2.400000000000034,"product":"CNC","quantity":80,"instrument_token":1277953,"collateral_type":"","average_price":350.45625,"realised_quantity":80,"collateral_quantity":0,"pnl":1559.4999999999982,"t1_quantity":0,"close_price":372.35,"price":0,"tradingsymbol":"SHARDACROP","exchange":"NSE","day_change_percentage":-0.6445548543037556,"isin":"INE221J01015","last_price":369.95},{"day_change":0,"product":"CNC","quantity":400,"instrument_token":842497,"collateral_type":"","average_price":128.33675,"realised_quantity":400,"collateral_quantity":0,"pnl":-714.6999999999991,"t1_quantity":0,"close_price":126.55,"price":0,"tradingsymbol":"STARPAPER","exchange":"NSE","day_change_percentage":0,"isin":"INE733A01018","last_price":126.55},{"day_change":0,"product":"CNC","quantity":95,"instrument_token":856321,"collateral_type":"","average_price":524.046,"realised_quantity":95,"collateral_quantity":0,"pnl":5300.5,"t1_quantity":30,"close_price":566.45,"price":0,"tradingsymbol":"SUNDRMFAST","exchange":"NSE","day_change_percentage":0,"isin":"INE387A01021","last_price":566.45},{"day_change":-0.20000000000000284,"product":"CNC","quantity":400,"instrument_token":3764993,"collateral_type":"","average_price":89.29375,"realised_quantity":400,"collateral_quantity":0,"pnl":5322.499999999996,"t1_quantity":0,"close_price":102.8,"price":0,"tradingsymbol":"TIMETECHNO","exchange":"NSE","day_change_percentage":-0.19455252918288216,"isin":"INE508G01029","last_price":102.6},{"day_change":-2.7999999999999545,"product":"CNC","quantity":98,"instrument_token":3634689,"collateral_type":"","average_price":539.453061,"realised_quantity":98,"collateral_quantity":0,"pnl":4684.100021999995,"t1_quantity":0,"close_price":590.05,"price":0,"tradingsymbol":"TIMKEN","exchange":"NSE","day_change_percentage":-0.47453605626641043,"isin":"INE325A01013","last_price":587.25},{"day_change":8.400000000000091,"product":"CNC","quantity":32,"instrument_token":129711876,"collateral_type":"","average_price":1428.95625,"realised_quantity":32,"collateral_quantity":0,"pnl":2625.4000000000015,"t1_quantity":0,"close_price":1502.6,"price":0,"tradingsymbol":"TRANSPEK","exchange":"BSE","day_change_percentage":0.5590310129109605,"isin":"INE687A01016","last_price":1511},{"day_change":0,"product":"CNC","quantity":70,"instrument_token":502785,"collateral_type":"","average_price":329.351429,"realised_quantity":70,"collateral_quantity":0,"pnl":2278.3999699999986,"t1_quantity":0,"close_price":361.9,"price":0,"tradingsymbol":"TRENT","exchange":"NSE","day_change_percentage":0,"isin":"INE849A01020","last_price":361.9},{"day_change":-0.09999999999999432,"product":"CNC","quantity":1801,"instrument_token":2479361,"collateral_type":"","average_price":62.534092,"realised_quantity":1801,"collateral_quantity":0,"pnl":16507.800308,"t1_quantity":0,"close_price":71.8,"price":0,"tradingsymbol":"TRIDENT","exchange":"NSE","day_change_percentage":-0.1392757660167052,"isin":"INE064C01014","last_price":71.7},{"day_change":-0.4000000000000057,"product":"CNC","quantity":190,"instrument_token":923393,"collateral_type":"","average_price":219.692105,"realised_quantity":190,"collateral_quantity":0,"pnl":87.00005000000147,"t1_quantity":0,"close_price":220.55,"price":0,"tradingsymbol":"UNIVCABLES","exchange":"NSE","day_change_percentage":-0.18136476989345077,"isin":"INE279A01012","last_price":220.15},{"day_change":-2,"product":"CNC","quantity":174,"instrument_token":3780097,"collateral_type":"","average_price":254.777299,"realised_quantity":174,"collateral_quantity":0,"pnl":5719.849973999996,"t1_quantity":0,"close_price":289.65,"price":0,"tradingsymbol":"V2RETAIL","exchange":"NSE","day_change_percentage":-0.6904885206283446,"isin":"INE945H01013","last_price":287.65},{"day_change":0,"product":"CNC","quantity":35,"instrument_token":4843777,"collateral_type":"","average_price":794.78,"realised_quantity":35,"collateral_quantity":0,"pnl":2515.4500000000003,"t1_quantity":0,"close_price":866.65,"price":0,"tradingsymbol":"VBL","exchange":"NSE","day_change_percentage":0,"isin":"INE200M01013","last_price":866.65},{"day_change":0,"product":"CNC","quantity":27,"instrument_token":961793,"collateral_type":"","average_price":2112.171667,"realised_quantity":27,"collateral_quantity":0,"pnl":4189.814990999996,"t1_quantity":0,"close_price":2267.35,"price":0,"tradingsymbol":"VENKEYS","exchange":"NSE","day_change_percentage":0,"isin":"INE398A01010","last_price":2267.35},{"day_change":0,"product":"CNC","quantity":43,"instrument_token":4445185,"collateral_type":"","average_price":1479.177907,"realised_quantity":43,"collateral_quantity":0,"pnl":7102.399998999996,"t1_quantity":0,"close_price":1644.35,"price":0,"tradingsymbol":"VINATIORGA","exchange":"NSE","day_change_percentage":0,"isin":"INE410B01029","last_price":1644.35},{"day_change":-2.75,"product":"CNC","quantity":100,"instrument_token":947969,"collateral_type":"","average_price":460.485,"realised_quantity":100,"collateral_quantity":0,"pnl":2286.500000000001,"t1_quantity":0,"close_price":486.1,"price":0,"tradingsymbol":"VIPIND","exchange":"NSE","day_change_percentage":-0.5657272166220942,"isin":"INE054A01027","last_price":483.35}],"status":"success"}