{"data":[{"day_change":18.299999999999955,"product":"CNC","quantity":20,"instrument_token":1793,"collateral_type":"","average_price":1415.93,"realised_quantity":20,"collateral_quantity":0,"pnl":3671.3999999999987,"t1_quantity":0,"close_price":1581.2,"price":0,"tradingsymbol":"AARTIIND","exchange":"NSE","day_change_percentage":1.1573488489754586,"isin":"INE769A01020","last_price":1599.5},{"day_change":-1.5500000000000114,"product":"CNC","quantity":190,"instrument_token":3478273,"collateral_type":"","average_price":100.120263,"realised_quantity":190,"collateral_quantity":0,"pnl":-953.84997,"t1_quantity":0,"close_price":96.65,"price":0,"tradingsymbol":"ACE","exchange":"NSE","day_change_percentage":-1.6037247801345176,"isin":"INE731H01025","last_price":95.1},{"day_change":-4,"product":"CNC","quantity":333,"instrument_token":5058817,"collateral_type":"","average_price":242.836036,"realised_quantity":333,"collateral_quantity":0,"pnl":720.6000119999976,"t1_quantity":0,"close_price":249,"price":0,"tradingsymbol":"ADFFOODS","exchange":"NSE","day_change_percentage":-1.6064257028112447,"isin":"INE982B01019","last_price":245},{"day_change":7.199999999999932,"product":"CNC","quantity":36,"instrument_token":39425,"collateral_type":"","average_price":531.15,"realised_quantity":51,"collateral_quantity":0,"pnl":-951.3000000000014,"t1_quantity":27,"close_price":508.85,"price":0,"tradingsymbol":"APCOTEXIND","exchange":"NSE","day_change_percentage":1.4149552913432113,"isin":"INE116A01024","last_price":516.05},{"day_change":-4.100000000000023,"product":"CNC","quantity":225,"instrument_token":5535489,"collateral_type":"","average_price":314.843529,"realised_quantity":225,"collateral_quantity":0,"pnl":-5888.849894999998,"t1_quantity":30,"close_price":295.85,"price":0,"tradingsymbol":"APEX","exchange":"NSE","day_change_percentage":-1.385837417610283,"isin":"INE346W01013","last_price":291.75},{"day_change":-5.100000000000136,"product":"CNC","quantity":39,"instrument_token":3691009,"collateral_type":"","average_price":1138.182051,"realised_quantity":39,"collateral_quantity":0,"pnl":1439.8000109999964,"t1_quantity":0,"close_price":1180.2,"price":0,"tradingsymbol":"ASTRAL","exchange":"NSE","day_change_percentage":-0.43213014743265005,"isin":"INE006I01046","last_price":1175.1},{"day_change":-14.349999999999966,"product":"CNC","quantity":199,"instrument_token":3712257,"collateral_type":"","average_price":462.311809,"realised_quantity":199,"collateral_quantity":0,"pnl":-6420.099990999995,"t1_quantity":0,"close_price":444.4,"price":0,"tradingsymbol":"BALAMINES","exchange":"NSE","day_change_percentage":-3.229072907290721,"isin":"INE050E01027","last_price":430.05},{"day_change":-13.199999999999932,"product":"CNC","quantity":133,"instrument_token":579329,"collateral_type":"","average_price":508.046099,"realised_quantity":133,"collateral_quantity":0,"pnl":11675.350041,"t1_quantity":8,"close_price":604.05,"price":0,"tradingsymbol":"BANDHANBNK","exchange":"NSE","day_change_percentage":-2.1852495654333137,"isin":"INE545U01014","last_price":590.85},{"day_change":-4.900000000000006,"product":"CNC","quantity":369,"instrument_token":3851265,"collateral_type":"","average_price":253.866396,"realised_quantity":369,"collateral_quantity":0,"pnl":-7201.550124000006,"t1_quantity":0,"close_price":239.25,"price":0,"tradingsymbol":"DELTACORP","exchange":"NSE","day_change_percentage":-2.048066875653085,"isin":"INE124G01033","last_price":234.35},{"day_change":-0.8500000000000227,"product":"CNC","quantity":629,"instrument_token":3870465,"collateral_type":"","average_price":164.205167,"realised_quantity":629,"collateral_quantity":0,"pnl":-15571.000043,"t1_quantity":0,"close_price":140.3,"price":0,"tradingsymbol":"EDELWEISS","exchange":"NSE","day_change_percentage":-0.6058446186742856,"isin":"INE532F01054","last_price":139.45},{"day_change":-13.450000000000045,"product":"CNC","quantity":33,"instrument_token":4818433,"collateral_type":"","average_price":1164.374242,"realised_quantity":33,"collateral_quantity":0,"pnl":-471.04998600000613,"t1_quantity":0,"close_price":1163.55,"price":0,"tradingsymbol":"ENDURANCE","exchange":"NSE","day_change_percentage":-1.155945167805427,"isin":"INE913H01037","last_price":1150.1},{"day_change":-15.950000000000045,"product":"CNC","quantity":30,"instrument_token":245249,"collateral_type":"","average_price":674.079032,"realised_quantity":62,"collateral_quantity":0,"pnl":-759.8709599999995,"t1_quantity":0,"close_price":664.7,"price":0,"tradingsymbol":"ESCORTS","exchange":"NSE","day_change_percentage":-2.3995787573341425,"isin":"INE042A01014","last_price":648.75},{"day_change":-8.899999999999999,"product":"CNC","quantity":850,"instrument_token":6280193,"collateral_type":"","average_price":50.415,"realised_quantity":850,"collateral_quantity":0,"pnl":-10543.499999999996,"t1_quantity":50,"close_price":47.6,"price":0,"tradingsymbol":"FILATEX","exchange":"NSE","day_change_percentage":-18.697478991596636,"isin":"INE816B01027","last_price":38.7},{"day_change":-4.25,"product":"CNC","quantity":204,"instrument_token":265729,"collateral_type":"","average_price":464.681127,"realised_quantity":204,"collateral_quantity":0,"pnl":-10746.949908,"t1_quantity":0,"close_price":416.25,"price":0,"tradingsymbol":"FINCABLES","exchange":"NSE","day_change_percentage":-1.0210210210210209,"isin":"INE235A01022","last_price":412},{"day_change":-10.450000000000045,"product":"CNC","quantity":20,"instrument_token":958465,"collateral_type":"","average_price":1184.408,"realised_quantity":25,"collateral_quantity":0,"pnl":4701.840000000002,"t1_quantity":0,"close_price":1429.95,"price":0,"tradingsymbol":"FINEORG","exchange":"NSE","day_change_percentage":-0.730794783034375,"isin":"INE686Y01026","last_price":1419.5},{"day_change":5.199999999999989,"product":"CNC","quantity":103,"instrument_token":4704769,"collateral_type":"","average_price":449.7,"realised_quantity":103,"collateral_quantity":0,"pnl":-4058.1999999999975,"t1_quantity":0,"close_price":405.1,"price":0,"tradingsymbol":"FRETAIL","exchange":"NSE","day_change_percentage":1.28363367069859,"isin":"INE752P01024","last_price":410.3},{"day_change":-8.549999999999955,"product":"CNC","quantity":31,"instrument_token":281601,"collateral_type":"","average_price":1105.520968,"realised_quantity":31,"collateral_quantity":0,"pnl":-2156.700008,"t1_quantity":0,"close_price":1044.5,"price":0,"tradingsymbol":"GARFIBRES","exchange":"NSE","day_change_percentage":-0.818573480134031,"isin":"INE276A01018","last_price":1035.95},{"day_change":-4.7000000000000455,"product":"CNC","quantity":86,"instrument_token":299009,"collateral_type":"","average_price":583.96686,"realised_quantity":86,"collateral_quantity":0,"pnl":-4469.14996,"t1_quantity":0,"close_price":536.7,"price":0,"tradingsymbol":"GMBREW","exchange":"NSE","day_change_percentage":-0.875722004844428,"isin":"INE075D01018","last_price":532},{"day_change":-12.099999999999966,"product":"CNC","quantity":111,"instrument_token":300545,"collateral_type":"","average_price":252.21982,"realised_quantity":111,"collateral_quantity":0,"pnl":5425.699980000003,"t1_quantity":0,"close_price":313.2,"price":0,"tradingsymbol":"GNFC","exchange":"NSE","day_change_percentage":-3.8633461047254043,"isin":"INE113A01013","last_price":301.1},{"day_change":0,"product":"CNC","quantity":0,"instrument_token":2585345,"collateral_type":"","average_price":643.9,"realised_quantity":0,"collateral_quantity":0,"pnl":-157.99999999999955,"t1_quantity":20,"close_price":636,"price":0,"tradingsymbol":"GODREJCP","exchange":"NSE","day_change_percentage":0,"isin":"INE102D01028","last_price":636},{"day_change":-7.949999999999932,"product":"CNC","quantity":102,"instrument_token":7712001,"collateral_type":"","average_price":708.712037,"realised_quantity":102,"collateral_quantity":0,"pnl":-3252.0999959999986,"t1_quantity":6,"close_price":686.55,"price":0,"tradingsymbol":"IBULHSGFIN","exchange":"NSE","day_change_percentage":-1.1579637317019784,"isin":"INE148I01020","last_price":678.6},{"day_change":-13.5,"product":"CNC","quantity":80,"instrument_token":3938305,"collateral_type":"","average_price":291.515789,"realised_quantity":80,"collateral_quantity":0,"pnl":-2618.7499549999993,"t1_quantity":15,"close_price":277.45,"price":0,"tradingsymbol":"IBVENTURES","exchange":"NSE","day_change_percentage":-4.8657415750585695,"isin":"INE274G01010","last_price":263.95},{"day_change":-12.450000000000045,"product":"CNC","quantity":0,"instrument_token":1346049,"collateral_type":"","average_price":1564.285714,"realised_quantity":0,"collateral_quantity":0,"pnl":-339.399998000001,"t1_quantity":7,"close_price":1528.25,"price":0,"tradingsymbol":"INDUSINDBK","exchange":"NSE","day_change_percentage":-0.8146572877474265,"isin":"INE095A01012","last_price":1515.8},{"day_change":11.75,"product":"CNC","quantity":224,"instrument_token":5225729,"collateral_type":"","average_price":182.409615,"realised_quantity":344,"collateral_quantity":0,"pnl":-563.546060000002,"t1_quantity":20,"close_price":168.35,"price":0,"tradingsymbol":"IOLCP","exchange":"NSE","day_change_percentage":6.97950697950698,"isin":"INE485C01011","last_price":180.1},{"day_change":-0.3999999999999986,"product":"CNC","quantity":1005,"instrument_token":5319169,"collateral_type":"","average_price":55.641294,"realised_quantity":1005,"collateral_quantity":0,"pnl":-3157.000470000002,"t1_quantity":0,"close_price":52.9,"price":0,"tradingsymbol":"JAMNAAUTO","exchange":"NSE","day_change_percentage":-0.7561436672967837,"isin":"INE039C01032","last_price":52.5},{"day_change":-0.5999999999999943,"product":"CNC","quantity":470,"instrument_token":3036161,"collateral_type":"","average_price":135.956349,"realised_quantity":1520,"collateral_quantity":0,"pnl":2723.0159700000054,"t1_quantity":0,"close_price":142.35,"price":0,"tradingsymbol":"JKPAPER","exchange":"NSE","day_change_percentage":-0.4214963119072669,"isin":"INE789E01012","last_price":141.75},{"day_change":0,"product":"CNC","quantity":165,"instrument_token":3394561,"collateral_type":"","average_price":291.55303,"realised_quantity":165,"collateral_quantity":0,"pnl":618.2500500000054,"t1_quantity":0,"close_price":295.3,"price":0,"tradingsymbol":"KEC","exchange":"NSE","day_change_percentage":0,"isin":"INE389H01022","last_price":295.3},{"day_change":0.1500000000000341,"product":"CNC","quantity":232,"instrument_token":3407361,"collateral_type":"","average_price":365.221154,"realised_quantity":312,"collateral_quantity":0,"pnl":6688.292272,"t1_quantity":0,"close_price":393.9,"price":0,"tradingsymbol":"KEI","exchange":"NSE","day_change_percentage":0.03808073115004674,"isin":"INE878B01027","last_price":394.05},{"day_change":-0.8499999999999659,"product":"CNC","quantity":141,"instrument_token":2707713,"collateral_type":"","average_price":338.436424,"realised_quantity":141,"collateral_quantity":0,"pnl":-3335.0500239999947,"t1_quantity":10,"close_price":317.2,"price":0,"tradingsymbol":"KRBL","exchange":"NSE","day_change_percentage":-0.2679697351828392,"isin":"INE001B01026","last_price":316.35},{"day_change":15.75,"product":"CNC","quantity":40,"instrument_token":131691012,"collateral_type":"","average_price":549.725,"realised_quantity":40,"collateral_quantity":0,"pnl":1456.4999999999986,"t1_quantity":20,"close_price":558.25,"price":0,"tradingsymbol":"MANORG","exchange":"BSE","day_change_percentage":2.8213166144200628,"isin":"INE370D01013","last_price":574},{"day_change":-0.20000000000000284,"product":"CNC","quantity":1343,"instrument_token":3776001,"collateral_type":"","average_price":56.575275,"realised_quantity":1543,"collateral_quantity":0,"pnl":9367.055675,"t1_quantity":0,"close_price":63.75,"price":0,"tradingsymbol":"MEGH","exchange":"NSE","day_change_percentage":-0.31372549019608287,"isin":"INE974H01013","last_price":63.55},{"day_change":-14,"product":"CNC","quantity":42,"instrument_token":2666241,"collateral_type":"","average_price":867.382143,"realised_quantity":42,"collateral_quantity":0,"pnl":-6343.350006000001,"t1_quantity":0,"close_price":730.35,"price":0,"tradingsymbol":"MUTHOOTCAP","exchange":"NSE","day_change_percentage":-1.9168891627301978,"isin":"INE296G01013","last_price":716.35},{"day_change":0.6500000000000057,"product":"CNC","quantity":303,"instrument_token":625153,"collateral_type":"","average_price":133.898515,"realised_quantity":303,"collateral_quantity":0,"pnl":-620.7000450000028,"t1_quantity":0,"close_price":131.2,"price":0,"tradingsymbol":"NOCIL","exchange":"NSE","day_change_percentage":0.495426829268297,"isin":"INE163A01018","last_price":131.85},{"day_change":-4.75,"product":"CNC","quantity":26,"instrument_token":1112065,"collateral_type":"","average_price":711.173077,"realised_quantity":26,"collateral_quantity":0,"pnl":-446.5000020000009,"t1_quantity":0,"close_price":698.75,"price":0,"tradingsymbol":"PUNJABCHEM","exchange":"NSE","day_change_percentage":-0.6797853309481217,"isin":"INE277B01014","last_price":694},{"day_change":-6.699999999999989,"product":"CNC","quantity":150,"instrument_token":2813441,"collateral_type":"","average_price":345.963333,"realised_quantity":150,"collateral_quantity":0,"pnl":223.0000500000017,"t1_quantity":0,"close_price":354.15,"price":0,"tradingsymbol":"RADICO","exchange":"NSE","day_change_percentage":-1.8918537342933754,"isin":"INE944F01028","last_price":347.45},{"day_change":-1.950000000000017,"product":"CNC","quantity":540,"instrument_token":962817,"collateral_type":"","average_price":244.305357,"realised_quantity":840,"collateral_quantity":0,"pnl":969.1072200000042,"t1_quantity":0,"close_price":248.05,"price":0,"tradingsymbol":"RITES","exchange":"NSE","day_change_percentage":-0.7861318282604381,"isin":"INE320J01015","last_price":246.1},{"day_change":-5.949999999999989,"product":"CNC","quantity":137,"instrument_token":6585345,"collateral_type":"","average_price":321.638081,"realised_quantity":137,"collateral_quantity":0,"pnl":-3257.349932000002,"t1_quantity":35,"close_price":308.65,"price":0,"tradingsymbol":"RUPA","exchange":"NSE","day_change_percentage":-1.9277498785031555,"isin":"INE895B01021","last_price":302.7},{"day_change":-5.099999999999966,"product":"CNC","quantity":98,"instrument_token":6546945,"collateral_type":"","average_price":378.396939,"realised_quantity":98,"collateral_quantity":0,"pnl":6115.4999780000035,"t1_quantity":0,"close_price":445.9,"price":0,"tradingsymbol":"SHAKTIPUMP","exchange":"NSE","day_change_percentage":-1.143754204978687,"isin":"INE908D01010","last_price":440.8},{"day_change":0.6499999999999773,"product":"CNC","quantity":70,"instrument_token":1277953,"collateral_type":"","average_price":360.000714,"realised_quantity":70,"collateral_quantity":0,"pnl":2743.950019999998,"t1_quantity":0,"close_price":398.55,"price":0,"tradingsymbol":"SHARDACROP","exchange":"NSE","day_change_percentage":0.16309120562036813,"isin":"INE221J01015","last_price":399.2},{"day_change":-2.1000000000000085,"product":"CNC","quantity":492,"instrument_token":842497,"collateral_type":"","average_price":127.327033,"realised_quantity":492,"collateral_quantity":0,"pnl":-4416.700236000002,"t1_quantity":0,"close_price":120.45,"price":0,"tradingsymbol":"STARPAPER","exchange":"NSE","day_change_percentage":-1.7434620174346271,"isin":"INE733A01018","last_price":118.35},{"day_change":-6.550000000000011,"product":"CNC","quantity":85,"instrument_token":851713,"collateral_type":"","average_price":329.974706,"realised_quantity":85,"collateral_quantity":0,"pnl":-418.60001000000125,"t1_quantity":0,"close_price":331.6,"price":0,"tradingsymbol":"SUDARSCHEM","exchange":"NSE","day_change_percentage":-1.975271411338966,"isin":"INE659A01023","last_price":325.05},{"day_change":-2.6000000000000227,"product":"CNC","quantity":100,"instrument_token":856321,"collateral_type":"","average_price":563.805,"realised_quantity":100,"collateral_quantity":0,"pnl":-2370.4999999999927,"t1_quantity":0,"close_price":542.7,"price":0,"tradingsymbol":"SUNDRMFAST","exchange":"NSE","day_change_percentage":-0.47908605122535886,"isin":"INE387A01021","last_price":540.1},{"day_change":-2.6000000000000085,"product":"CNC","quantity":315,"instrument_token":3764993,"collateral_type":"","average_price":96.797619,"realised_quantity":315,"collateral_quantity":0,"pnl":-3700.499985,"t1_quantity":0,"close_price":87.65,"price":0,"tradingsymbol":"TIMETECHNO","exchange":"NSE","day_change_percentage":-2.9663434112949325,"isin":"INE508G01029","last_price":85.05},{"day_change":-16,"product":"CNC","quantity":70,"instrument_token":3634689,"collateral_type":"","average_price":569.161429,"realised_quantity":70,"collateral_quantity":0,"pnl":-1362.3000299999967,"t1_quantity":0,"close_price":565.7,"price":0,"tradingsymbol":"TIMKEN","exchange":"NSE","day_change_percentage":-2.828354251369984,"isin":"INE325A01013","last_price":549.7},{"day_change":12.549999999999955,"product":"CNC","quantity":22,"instrument_token":129711876,"collateral_type":"","average_price":1495.977273,"realised_quantity":22,"collateral_quantity":0,"pnl":418.4999940000007,"t1_quantity":0,"close_price":1502.45,"price":0,"tradingsymbol":"TRANSPEK","exchange":"BSE","day_change_percentage":0.8353023395121272,"isin":"INE687A01016","last_price":1515},{"day_change":-0.20000000000004547,"product":"CNC","quantity":41,"instrument_token":4843777,"collateral_type":"","average_price":849.121429,"realised_quantity":56,"collateral_quantity":0,"pnl":2122.9214109999975,"t1_quantity":0,"close_price":901.1,"price":0,"tradingsymbol":"VBL","exchange":"NSE","day_change_percentage":-0.022195094884035677,"isin":"INE200M01013","last_price":900.9},{"day_change":-16.450000000000045,"product":"CNC","quantity":26,"instrument_token":961793,"collateral_type":"","average_price":2165.030769,"realised_quantity":26,"collateral_quantity":0,"pnl":-4279.099993999998,"t1_quantity":0,"close_price":2016.9,"price":0,"tradingsymbol":"VENKEYS","exchange":"NSE","day_change_percentage":-0.8156081114581807,"isin":"INE398A01010","last_price":2000.45},{"day_change":-9.75,"product":"CNC","quantity":15,"instrument_token":4445185,"collateral_type":"","average_price":1481.19,"realised_quantity":25,"collateral_quantity":0,"pnl":5203.649999999998,"t1_quantity":0,"close_price":1837.85,"price":0,"tradingsymbol":"VINATIORGA","exchange":"NSE","day_change_percentage":-0.5305111951465027,"isin":"INE410B01029","last_price":1828.1},{"day_change":-12.950000000000045,"product":"CNC","quantity":57,"instrument_token":947969,"collateral_type":"","average_price":456.064912,"realised_quantity":57,"collateral_quantity":0,"pnl":-1477.1499840000008,"t1_quantity":0,"close_price":443.1,"price":0,"tradingsymbol":"VIPIND","exchange":"NSE","day_change_percentage":-2.9225908372827907,"isin":"INE054A01027","last_price":430.15},{"day_change":-1.5999999999999943,"product":"CNC","quantity":140,"instrument_token":972545,"collateral_type":"","average_price":268.535714,"realised_quantity":140,"collateral_quantity":0,"pnl":-4589.999959999997,"t1_quantity":0,"close_price":237.35,"price":0,"tradingsymbol":"WSTCSTPAPR","exchange":"NSE","day_change_percentage":-0.6741099641879058,"isin":"INE976A01021","last_price":235.75}],"status":"success"}