DAY,HDFC,RELIANCE,DABUR,DLF,
0,1339.95,432.13,262.6,154.55,
1,1368.05,450.4,264.05,151.3,
2,1367.7,443.93,264.14,154.1,
3,1394.8,442.48,266.7,154.15,
4,1368.35,434.83,274.35,151,
5,1312.4,429.58,265.8,144.9,
6,1322.75,427.98,267.5,145.05,
7,1332.85,431.9,271.2,149.44,
8,1328.05,425.05,272.45,157.4,
9,1305.7,421.05,271.25,164.3,
10,1339.45,428.43,283.3,165,
11,1322.05,434.33,284.1,164.5,
12,1327.7,428.08,275.39,163.95,
13,1338.45,427.05,266,159.9,
14,1345.7,420.98,269.1,159.35,
15,1358.85,423.98,266.5,160.1,
16,1354.55,422.45,268.2,165.05,
17,1283.7,414.65,262.75,159.3,
18,1262.7,405.85,264.8,154.94,
19,1306.2,405.38,266.05,159.5,
20,1315.7,413,265.55,158.25,
21,1337.05,418.03,266.55,159.69,
22,1330.6,412.33,272.95,167.45,
23,1328.7,416.43,274.3,161.94,
24,1299.7,432.95,284.35,161.85,
25,1303.05,447.55,279.89,159.3,
26,1290.34,452.18,280.3,158.4,
27,1305.25,461.25,283.6,156.8,
28,1290.45,461.83,275.35,153.35,
29,1306.8,464.18,276.14,150.1,
30,1306.7,463.43,272.95,147.15,
31,1268.65,442.83,268.89,146.25,
32,1258.15,438.23,268.55,138.9,
33,1277.2,439.88,265.25,136.8,
34,1276.05,438.53,271.05,136.19,
35,1245.15,439.45,270.1,131.05,
36,1211.75,437.65,263.45,123.95,
37,1228.25,432.6,259.1,128.1,
38,1201.15,425,255.3,133.75,
39,1170,431.18,251.9,136.44,
40,1202.2,445.48,261.45,138.3,
41,1180.34,446.08,264.6,139.3,
42,1163.59,440.13,263.1,131.6,
43,1154.25,435.38,257.2,129,
44,1185.34,444.85,260.85,132.94,
45,1226.09,447.98,257.2,130.25,
46,1191.34,434.35,260.64,125.5,
47,1219.4,442.55,261.39,125,
48,1209.7,439.1,263.85,126.95,
49,1234.3,436.98,264.85,125,
50,1264.3,445.78,265.7,122.8,
51,1240.55,447.78,264.7,124.2,
52,1270.05,454.43,264.1,123.25,
53,1255.95,448.38,259.05,124.15,
54,1288.05,451.93,265.25,123.2,
55,1252.65,447.25,268.39,121.3,
56,1240.45,442.3,270.64,116.9,
57,1239.9,442.65,269.35,119.4,
58,1229.25,437.9,271.7,119.4,
59,1236.05,438.5,269.85,117.75,
60,1247.75,451.13,272.7,118.15,
61,1203.09,449.33,266.75,113.1,
62,1202.84,448.18,261.5,110.55,
63,1216,456.35,255.75,111.15,
64,1201.34,453.88,257.8,107.25,
65,1176.75,442.73,251.5,109.9,
66,1188.8,441.85,253.75,110.8,
67,1190.55,452.9,253.4,112,
68,1164.3,438.58,251.4,107.9,
69,1190.4,444.93,252,107.55,
70,1214.55,450.88,256.3,108.15,
71,1199.05,451.98,256.55,107.9,
72,1200.9,465.6,265.45,108.55,
73,1213.3,489.48,267.7,106.9,
74,1236.84,498.33,269.3,106.5,
75,1271.55,495.85,270.2,114.6,
76,1285.2,497.5,269.75,117.5,
77,1283.9,495.45,273.5,114.45,
78,1308.84,502.28,276.75,118.2,
79,1287.84,500.35,275.7,120,
80,1285.5,495.43,275.89,117,
81,1296.45,500.05,280.1,116.9,
82,1292.7,502.83,282.5,117.4,
83,1285.2,505.43,278.25,116.8,
84,1316.05,503.6,285.55,116,
85,1317.6,507.78,286.39,117.6,
86,1337.3,501.63,288.39,119.2,
87,1290.05,498.3,286.6,116.5,
88,1285.3,493.7,287.1,116.85,
89,1283.34,500.9,282.25,114.65,
90,1323.75,503.5,286.45,115.4,
91,1318.4,498.9,296.14,114.4,
92,1340.15,505.58,292.2,116.7,
93,1359.7,511.85,291.2,116.05,
94,1326.65,510.85,292.05,114.2,
95,1315.35,512.38,299.2,108.7,
96,1311.6,503.9,302.25,106.6,
97,1345.75,525.2,298.6,106.6,
98,1350.55,522.65,298.45,107.8,
99,1358.75,512.53,296.55,103.2,
100,1336,502.68,296.35,101.2,
101,1304.4,505.13,294.45,95.4,
102,1312.05,498,290.6,101.55,
103,1335.8,500.08,292.2,109.7,
104,1340.4,500.93,293.3,115.05,
105,1324.35,501.23,290.89,115.5,
106,1302.45,494,292.2,115.05,
107,1302.45,493.88,306.64,122.1,
108,1303.84,489.48,308.85,122.45,
109,1298.45,492.18,309.1,125.7,
110,1305.5,484.45,305.35,128.3,
111,1290.65,483,299.89,124.35,
112,1261.95,471.45,298.39,117.1,
113,1256.95,466.68,292,114.25,
114,1299.95,483.48,294.7,135.25,
115,1279.59,475.35,302.89,129.3,
116,1266.09,472.05,303.1,128.05,
117,1256.3,477.3,297.45,126.7,
118,1249.9,458.15,297.64,120,
119,1228.34,453.98,298.64,113.95,
120,1167.75,414.78,273.45,96.65,
121,1145.55,424.08,273.39,112.1,
122,1102.34,426.7,275.05,110.6,
123,1193.9,434.58,284.5,114.75,
124,1201.9,436.2,280.3,115.2,
125,1186.15,427.95,273.05,110.9,
126,1157.4,419.93,270.1,105.8,
127,1123.15,424.78,280.14,109.7,
128,1172.05,426.93,285.1,120.6,
129,1141.59,417.95,286.25,116.75,
130,1155.05,416.6,277,112.7,
131,1171.05,424.3,274.5,120.35,
132,1186.65,437.03,275.2,122.5,
133,1162.75,433.5,279.89,123.9,
134,1176.34,430.48,281.8,124.8,
135,1184.7,431.93,281.7,126.1,
136,1179.84,434.08,282.3,123.15,
137,1196.34,436.28,273.89,123.6,
138,1207.05,447.7,275.25,126.35,
139,1207.3,439.05,279.05,127.9,
140,1168.59,423.95,277.95,124.7,
141,1165.95,425.18,275.85,127.15,
142,1181.84,418.68,274.85,126.55,
143,1172.15,417.13,274.55,129.55,
144,1216.8,420.38,274.75,134.6,
145,1212.75,431.15,276,137.35,
146,1196.59,432.35,278.7,134.19,
147,1256.95,444,275.1,133.94,
148,1265.2,449.03,276.89,135.19,
149,1277.45,456.9,279.6,138.4,
150,1278.09,444.55,277.8,138.65,
151,1291.7,443.68,279.85,139.94,
152,1270.25,445.88,279,136.15,
153,1278.7,446.8,271,136.85,
154,1294.15,451.48,272.8,133.4,
155,1294.7,451.85,271.8,134.55,
156,1311.6,456.08,272.64,128.4,
157,1315.35,481.75,272.45,132.15,
158,1312.5,478.35,271.05,131.69,
159,1315.75,477.5,270.25,128.85,
160,1337.9,477.83,262.89,130.05,
161,1312.7,471.43,266.7,129,
162,1275.09,469.78,271,126.95,
163,1266.59,468.48,271.95,123.9,
164,1264.65,470.5,272.45,120.4,
165,1256.84,473.85,269.75,116.5,
166,1221.05,479.9,270.85,118.7,
167,1221.4,483.6,270.2,120.1,
168,1220.15,475.65,270.05,122.35,
169,1205.84,468.3,266.25,116.15,
170,1205.4,476.2,267.64,118.5,
171,1190.75,480.63,266.64,113.9,
172,1171.34,461.38,264.64,108.75,
173,1177.4,464.23,266.75,112,
174,1178.75,466.53,267.55,110.2,
175,1178.4,467.15,260.89,109.85,
176,1200.75,463.88,264.05,111.4,
177,1178.7,456,269.05,106.5,
178,1214.2,467.38,274,103.3,
179,1205.75,473.43,275.89,102.25,
180,1191.15,476.88,274.8,103.15,
181,1218.95,483.85,275.2,107.15,
182,1222.65,494.33,279.8,113.55,
183,1230.59,489.53,275.7,114.05,
184,1211.2,482.93,272.55,114.6,
185,1224.7,482.95,278.5,117.9,
186,1211.75,488.98,283.89,117.05,
187,1200.2,488.6,276.85,118.9,
188,1171.59,482.73,271.7,117.15,
189,1184.59,476.03,276.25,116.6,
190,1171.55,470.45,275.1,110.4,
191,1153.25,457.95,269.89,110.45,
192,1182.3,475.18,269.45,111.55,
193,1174.75,476.48,268,108.2,
194,1188.05,477.55,265.89,107.05,
195,1206.55,487.95,272.55,108.3,
196,1219.3,489.33,269.7,113.1,
197,1240.95,504.85,275.5,115.35,
198,1224.84,495.95,274,114.55,
199,1232.34,496.05,277.45,116.1,
200,1228.25,493.65,278.1,113.45,
201,1239.2,501.9,279.45,116.1,
202,1229.55,500.28,276.7,114.35,
203,1227.65,505.2,277.2,115.15,
204,1234.3,507.7,277.3,113.8,
205,1233.7,502.25,275,113.9,
206,1263.75,507.3,276.95,116,
207,1258.45,507.68,276.4,121.55,
208,1216.7,497.65,276.9,118.4,
209,1209.4,502.58,275.95,118.4,
210,1209.3,516.1,275.9,114.75,
211,1179.45,506.63,267.7,106.8,
212,1174.4,512.88,269.05,112.2,
213,1161.55,525.8,263.1,112.2,
214,1151.85,522.73,254.9,109.5,
215,1167.65,538.43,256.85,110.1,
216,1159.3,530.83,259.8,105.85,
217,1149.8,536.65,250.3,99.65,
218,1131.8,508.43,247.3,96.05,
219,1153,521.8,249.55,96.15,
220,1136.65,502.28,249.25,92.25,
221,1131.1,492.1,240.4,91.65,
222,1158.45,502.08,240.95,94.55,
223,1174.6,501.98,237.25,93.5,
224,1169.95,499.68,236.85,95.65,
225,1147.75,508.45,243.5,94.45,
226,1180,517.7,250.65,96.35,
227,1180.05,515.15,251.05,96.75,
228,1179.8,500.58,241.15,93.35,
229,1160.95,490.7,243.45,93.35,
230,1168.35,486.53,247.25,94.65,
231,1182.95,485.45,251.3,95.85,
232,1164.1,480.53,250.95,96.6,
233,1159.9,478.75,249.25,95.5,
234,1116.55,481.33,242.9,90.4,
235,1066.65,462.28,239.15,81.3,
236,1083.75,453.28,247.8,80.8,
237,1080.45,473.38,248.9,89.65,
238,1077.15,465.28,245.1,85.7,
239,1076.3,476.3,241.45,88.45,
240,1069.1,470.05,243.75,86.6,
241,1060.85,472.18,244.4,88.05,
242,1058.4,481.15,248.6,89,
243,1051.1,474.83,238.9,85,
244,1022.1,476.33,236.35,85,
245,1042.65,472.05,238.6,83.4,
246,1053.7,475.18,241.3,87.25,
247,1060.3,483.33,237.15,88.95,
248,1069.45,490.65,241.95,98.1,
249,1099.55,500.75,243.55,107.8,
250,1124.15,506.43,245.1,106.45,
251,1129,503.2,249.55,107.9,
252,1146.45,513.5,248.6,106.85,
253,1128.65,520.85,245.85,107.35,
254,1153.15,505.88,245.95,105.95,
255,1160.5,507.25,249.85,106.45,
256,1158.7,509.88,251.05,105.4,
257,1111.35,510.25,247.4,105.6,
258,1125.95,510.88,247.25,106.55,
259,1108.05,508,247.95,105.1,
260,1129.3,513.6,249.6,107.4,
261,1151.25,518.65,253.1,109.15,
262,1168.1,523.93,249.65,114.85,
263,1162.75,514.6,248.95,115.5,
264,1143.35,510.2,243.55,106.5,
265,1125.75,518.13,245.1,106.7,
266,1115.3,523.53,246.75,115,
267,1105.6,522.6,249.9,114.75,
268,1113.4,517.23,250.5,120.9,
269,1103.7,517.53,249.55,118.75,
270,1103.45,513.48,246,113.4,
271,1102.05,516.88,247.8,114.45,
272,1070.85,518.63,247.7,113.55,
273,1079.55,518.18,250.05,118.4,
274,1079.8,520.15,253.4,120.7,
275,1090.5,523.7,262.8,119.45,
276,1114.95,533.03,267.55,121.85,
277,1132.4,532.38,273.65,125.05,
278,1140,518.65,267.25,124.1,
279,1150.1,520.58,267.2,123.2,
280,1131.9,519.48,264.9,122.55,
281,1112,508.45,266.8,120.1,
282,1127.3,508.48,266.55,124.2,
283,1121.5,509.7,272.5,123.3,
284,1085.55,498.35,269.65,125.5,
285,1088.45,491.35,275.8,129.5,
286,1091.9,493.48,296.15,128.65,
287,1099.6,487.9,290.4,127.05,
288,1129.9,489.05,281.25,120.45,
289,1162.65,487.63,282.6,124.45,
290,1167.8,484.48,290.2,125.6,
291,1203.6,491.55,287.75,128.1,
292,1218.55,491.28,290.15,127.75,
293,1203.8,487.7,293.1,125.85,
294,1195.85,496.4,291.4,127.75,
295,1166,489.08,289.5,121.9,
296,1186.45,487.98,284.95,124.35,
297,1217.85,484.58,281.2,124.1,
298,1208.2,485.28,286.35,127.45,
299,1175.85,475.6,281.55,124.05,
300,1179.55,467.1,277.1,122.7,
301,1160.25,465,285.6,121.25,
302,1172.75,470.23,283.1,120,
303,1207.05,475.6,288.7,122.65,
304,1228.25,473.43,294.4,128,
305,1255.55,487.35,295.8,128.95,
306,1233.95,484.35,298.3,126.5,
307,1237.7,478.93,289.7,129.9,
308,1243.25,476.8,290.1,133.1,
309,1260.55,478.13,299.3,133.65,
310,1254.9,479.83,305.9,131.95,
311,1251.65,477.4,303.25,132.4,
312,1251.3,477.53,307.6,135.3,
313,1262.5,477.05,307.65,136.7,
314,1237.5,485.58,303.35,136.15,
315,1230.4,488.35,301.55,134.1,
316,1205.35,490.55,303.45,130.4,
317,1198.2,488.13,307.9,132.55,
318,1205.15,492.3,312.25,132.7,
319,1200.95,488.15,314.1,130.9,
320,1227.3,487.45,315.15,134.45,
321,1227.55,495.1,313.25,138.5,
322,1238.15,493.55,309.8,137.8,
323,1238.35,490.25,309.8,140.25,
324,1245.5,490.23,306.7,138.1,
325,1222.75,475.73,310.85,133.45,
326,1214.6,477.83,318.9,134.75,
327,1228.9,478.9,313,133.4,
328,1248.55,483.45,304.4,143.65,
329,1253.6,484.58,308.65,149.95,
330,1242.35,486.73,310.8,151.45,
331,1256.25,493.35,307.95,158.9,
332,1260.7,496.55,308,156.7,
333,1290.55,493.95,314.6,155.1,
334,1286.9,489.2,312.8,154.6,
335,1314.1,496.25,315.1,158.2,
336,1333.75,501.7,313.9,161,
337,1330.45,504.38,317.2,157.1,
338,1336.95,502.45,313.75,156.5,
339,1364.1,506.1,312,156.95,
340,1346.35,503.13,313.75,154.3,
341,1338.55,508.9,310.75,152.1,
342,1334.45,511.5,304,157.7,
343,1332.9,503.18,305.1,154.5,
344,1357,507.43,307.6,158.35,
345,1382,511.38,306.85,163.9,
346,1367.45,512.03,303,161,
347,1387.7,506.55,307.65,160.25,
348,1402.15,513.18,307.6,161.85,
349,1374.5,507.45,303.6,161.3,
350,1374.3,504.75,302,161.5,
351,1342.15,506.4,301.1,158.1,
352,1325.45,496.98,296.95,154.65,
353,1320.15,496.5,295.65,162.15,
354,1342.1,508.13,295.75,164.5,
355,1367.45,514.63,292.5,165.55,
356,1343,515.35,289.25,167.35,
357,1337.15,501.83,286.05,166.95,
358,1348.45,507.05,294.55,161.9,
359,1382.15,517.9,295.8,162.6,
360,1358.55,512.45,298.75,165.2,
361,1366.9,506.65,303.45,165.75,
362,1374.3,509.03,302.2,167.35,
363,1369.4,507.45,299.75,167.75,
364,1377.55,505.93,295.75,164.6,
365,1375.15,505.23,290.8,162.9,
366,1382.85,510.25,293.9,164.2,
367,1357.5,506.35,292.55,161.55,
368,1366.35,513.95,288.45,159.7,
369,1375.5,528.73,288.15,158.3,
370,1392.1,533.2,293.8,162.15,
371,1405.45,530,290.6,154.85,
372,1424.75,514.6,293.75,148.75,
373,1439.15,506.68,297,150,
374,1458.05,509.95,299.65,150.5,
375,1427.15,508.83,297.15,151.85,
376,1437.8,516.7,298.85,156.7,
377,1410.65,522.28,292.8,158,
378,1399.05,523.25,290.5,145.4,
379,1392.2,522.38,293.25,144.45,
380,1410.05,532.5,293.9,144.5,
381,1397.35,537.78,292.8,146.3,
382,1392.8,541.2,294.4,152,
383,1393.1,537.1,291.25,147.55,
384,1392.35,536.13,289.65,148.15,
385,1413.25,544.48,285.35,153.75,
386,1425.1,551.4,282.25,155.9,
387,1412.45,553.6,281.65,152.95,
388,1418.9,555.25,282.2,153.4,
389,1423.55,545.33,277.3,156,
390,1401.4,536.23,270.6,140.05,
391,1393.45,541.85,271.2,146.15,
392,1425.5,545.35,276.5,152.85,
393,1432.4,548.18,280.05,153.4,
394,1423.15,544.7,283.05,158.9,
395,1426,555.4,286.55,155.15,
396,1403.7,554.5,284.65,155.95,
397,1391.45,548.18,286.35,154,
398,1338.9,528.58,283.7,147.75,
399,1316.05,538.83,279.9,150.2,
400,1301.95,530.33,271.9,146.75,
401,1355.25,540.55,275,151.6,
402,1342.15,543.68,277.2,150.4,
403,1359.95,543.78,281,153.9,
404,1336.55,532.1,285.15,156.15,
405,1344,531.65,284.05,155.15,
406,1340.1,530.43,285.1,154.1,
407,1334.65,527.03,296.7,152.05,
408,1378.55,524.35,290.5,148.55,
409,1391.7,527.48,291.55,150.5,
410,1377.5,525.6,292.05,150.25,
411,1417.2,525.5,291.25,149.55,
412,1404.35,511.88,294.95,144.85,
413,1401.6,511.98,293.15,143.2,
414,1386.15,502.78,298.5,139.3,
415,1381.4,500.58,297.2,144.05,
416,1391.35,501.75,297.75,143.35,
417,1350.8,502.3,298.45,118.6,
418,1324.55,505.2,297.5,125.5,
419,1268.35,500.88,280.45,116.45,
420,1225.75,492.7,270.75,114.4,
421,1255.4,493.28,275.05,108.55,
422,1250.2,488.88,276.5,112.1,
423,1249.8,493.75,278.45,116.4,
424,1221.95,495.75,276.05,108.6,
425,1249.7,500.73,275.95,111.4,
426,1226.9,504.5,281.5,117.1,
427,1217.65,493.68,276.25,113.05,
428,1244.05,496.85,275.4,112.3,
429,1246.7,493.33,277.9,113.2,
430,1255.8,498.85,277.95,114.9,
431,1263.1,495.03,283.55,115,
432,1270,498.88,286.1,112.25,
433,1236.8,497.38,283.95,109.85,
434,1215.55,496.93,286.45,113.6,
435,1243.4,502.6,280.45,116,
436,1264.95,499.58,279.55,111.95,
437,1289.85,510.03,279,113.1,
438,1268.25,514.48,279.45,114.9,
439,1264.5,513.6,276.25,113.3,
440,1278.55,519.9,280.85,112.1,
441,1266.55,529.75,275.4,112.45,
442,1259.2,526.48,271.35,112.7,
443,1269.15,528.58,271.15,111.85,
444,1247.9,531.28,268.95,111.8,
445,1235.55,528.95,274.65,113.05,
446,1235.6,531.63,271.45,117.45,
447,1217.4,526.68,265.5,115.2,
448,1224.85,528.65,262.05,113.75,
449,1219.5,523.73,259.95,105.15,
450,1232.15,532.35,270.5,108.25,
451,1237.95,524.85,274.1,107.5,
452,1257.2,532.73,274.4,110.4,
453,1262.6,541.2,278.15,111.4,
454,1217.1,542.55,277.15,118.7,
455,1214,544.7,275.5,119.05,
456,1212.1,533.58,276.55,125.5,
457,1217.2,538.7,278.85,126.65,
458,1222.35,537.48,276.6,126.55,
459,1223.55,538.85,273.6,126.5,
460,1217.25,544.93,277.65,125.2,
461,1230.05,543.03,278.5,125.25,
462,1221.1,541.65,278.85,125.25,
463,1247.5,545.2,281.65,124.1,
464,1256.9,538.13,277.5,129.85,
465,1245.8,520.63,277.9,131.65,
466,1249.05,516.28,278.6,131.85,
467,1242.4,516.85,276.9,132.4,
468,1237.3,512.9,275.9,128.55,
469,1259.75,507.95,276.85,130.95,
470,1280.75,513.65,277.3,131.55,
471,1337.4,508.65,281.25,137.4,
472,1373.7,512.55,277.1,135.6,
473,1371.9,522.4,280.2,136.95,
474,1365.85,522.6,276,134.95,
475,1412.1,524.83,277.35,143.8,
476,1401.3,521.75,273.85,141.6,
477,1397.45,516.83,268.2,143.55,
478,1400.3,520.83,270.05,145.3,
479,1407.25,515.45,266.9,143.85,
480,1401.1,512.58,265.95,145.6,
481,1396.9,516.38,265.75,148.4,
482,1388.55,515.08,264.6,147.9,
483,1392.05,514.93,269.2,147.75,
484,1398.15,524.9,269.35,147.45,
485,1399.15,525.65,265.1,137.15,
486,1393.55,533.75,266,140.95,
487,1402.5,537.75,265.85,142.35,
488,1393.3,537.7,264.55,146.2,
489,1412.45,544.1,273,145.7,
490,1394.1,603.75,270.7,146.05,
491,1385.7,591.38,269.55,148.85,
492,1375.7,619.45,272.7,146.55,
493,1370.05,619.03,276.9,150.45,
494,1400.55,617.25,276.15,153.25,
495,1399,618.38,276.55,140.9,
496,1371.2,629.28,277.25,144.1,
497,1365.95,652.68,277.85,145.55,
498,1365.4,652.48,276.05,145.1,
499,1367.7,645.6,274.95,142.6,
500,1371.5,643.38,274.95,142.3,
501,1373.8,640.83,273.4,141.85,
502,1424.15,644.75,273.6,146.6,
503,1426.1,652.48,273.85,146.4,
504,1450.25,648.83,274.9,149.25,
505,1451.2,650.35,278.1,147.65,
506,1457.75,640.4,278.9,147.55,
507,1458.4,631.9,282.15,148.25,
508,1442.3,629.85,284.05,145.55,
509,1456.65,636.65,281.35,146.7,
510,1462.6,643.38,281.3,148.35,
511,1474.7,625.55,274.5,147.55,
512,1504.1,622.88,274.7,149.05,
513,1522.05,628.33,275.7,148.9,
514,1519.95,635.33,274.15,149.25,
515,1502.1,660.45,277.35,148.65,
516,1533.65,687.33,280.3,146.85,
517,1490.15,707.5,283.9,149.8,
518,1482.6,719.25,284.8,156.4,
519,1484.75,703.3,282.4,154.25,
520,1467.5,690.68,286.9,156.75,
521,1476.85,686.18,289.45,159.35,
522,1466.65,677,288.95,159.95,
523,1474.9,682.4,287.75,159.65,
524,1479.55,695.93,292.9,172.6,
525,1480.05,685.1,289.65,164.85,
526,1490.2,684.4,290.3,169.25,
527,1517.1,684.78,290.7,172.1,
528,1507.45,701.25,291.25,183.45,
529,1530.7,708.7,293.35,190.35,
530,1548.4,716.4,293.9,194.2,
531,1586,708.23,294.05,187.55,
532,1566.5,704.75,289.25,189.8,
533,1537.15,697.6,286.75,186,
534,1584.75,685.28,284.9,189.35,
535,1571.3,685.05,275.75,190.3,
536,1564.35,678.98,276.1,186.4,
537,1546.85,664.13,272.6,185.65,
538,1529.5,660.7,273.7,197.05,
539,1523.5,665.18,273.45,199.5,
540,1572,679.55,283.1,199.4,
541,1565.3,679.78,278.25,202.85,
542,1549.8,675.23,279.85,208.35,
543,1559.5,672.05,275.45,210.5,
544,1566.55,678.15,273.25,212.5,
545,1552.5,676.55,276,215.05,
546,1537.05,663.68,272.1,207.7,
547,1520.6,659.43,275.25,207.6,
548,1519.85,662.08,276.95,205.1,
549,1511.5,652.78,273.7,197.1,
550,1524.85,648.85,268.75,190.35,
551,1539.75,651.23,269,194.95,
552,1547.9,668.65,269.75,194,
553,1598.85,678.45,278.6,175.8,
554,1579.5,679.68,278.35,180,
555,1569.85,670.35,279.95,179.55,
556,1583.75,664.13,285.35,176.75,
557,1604.65,662.38,284.6,175.7,
558,1606.15,664.68,285.8,176.9,
559,1605.75,656.4,282.75,175.3,
560,1599.35,669.5,283.8,174.35,
561,1633.55,665.85,282.1,175.7,
562,1647.2,667.85,282.15,184.85,
563,1647.5,659.73,285.4,183.85,
564,1667.65,657.18,291.75,184.95,
565,1651.1,678.75,289.8,187.65,
566,1636.85,691.98,288.6,192,
567,1640.85,694.4,288.9,193.6,
568,1654.2,704.63,287.8,192.8,
569,1631.5,706.18,287.05,194.55,
570,1628.25,711,287.8,197.15,
571,1653.8,716.33,289,195.8,
572,1651.35,717.93,289.8,192.05,
573,1651.05,718.58,290,187.5,
574,1629,699.25,289.9,190.75,
575,1632.2,696.35,289.85,194.1,
576,1614.95,690,292.1,190.7,
577,1621.65,690.53,295,194.15,
578,1640.65,710.98,295.5,195.05,
579,1629.1,721.33,297.85,197.4,
580,1647.9,721.28,300.7,201.15,
581,1629.15,745.58,301.85,202.25,
582,1638.85,746.43,303.85,203.15,
583,1642.75,747.18,305.1,199,
584,1639.95,755.55,304.7,200.5,
585,1656.9,761.05,303.5,200.1,
586,1647.7,766.88,304.1,201.5,
587,1652.35,775.88,302.15,204.3,
588,1653,759.95,299.9,200.05,
589,1654.85,766.48,306.15,202.05,
590,1651,764.45,301.05,203,
591,1640.95,792.5,302.6,196.3,
592,1632.25,807.63,305.8,194.05,
593,1632.05,801.08,306.9,194.35,
594,1633.45,811.38,306.25,195.6,
595,1728.2,797.4,311.9,195.85,
596,1785.35,797.23,310.5,191.25,
597,1789.25,807.6,310,193.35,
598,1779.1,801.8,301.7,193.55,
599,1766.4,814.6,300.7,193.1,
600,1736.75,825.05,305.1,190.25,
601,1731.35,811.08,307.3,189.8,
602,1725.4,808.18,319.45,191.35,
603,1719.9,801.28,314.95,178.6,
604,1731.65,799.4,310.5,178.85,
605,1709.8,792.18,306.55,164.6,
606,1695.35,773.13,303.4,155.55,
607,1713.95,786.53,307.1,181.65,
608,1741.75,783.05,309.05,180.8,
609,1759.25,783.55,307.95,185.2,
610,1735.05,787.7,310.05,183.45,
611,1738.15,782.2,304.25,180.4,
612,1750.4,780.03,301.1,175.3,
613,1765.25,791.03,298.85,185.95,
614,1757.35,784.03,300.05,186.95,
615,1766.45,783.28,312.7,180.1,
616,1727.8,766.08,309.25,181.6,
617,1759.05,782.05,314.35,183.05,
618,1776.9,797.25,315.1,185.05,
619,1759.55,805.05,313.45,191.6,
620,1755.4,806.68,310.75,188,
621,1767.3,816.3,313.7,191.3,
622,1775,822.7,309.45,192.5,
623,1781.7,818.1,309.8,192.75,
624,1779.15,816.9,306.85,191.8,
625,1781.7,817.9,309.45,192.65,
626,1798.1,823.75,306.9,196.45,
627,1778.1,849,308.3,192.75,
628,1771.8,843.85,307.6,193.55,
629,1768.95,841.8,310.25,191.55,
630,1771.75,845.55,308.45,193.85,
631,1752.6,838.6,314.55,190.7,
632,1767.15,847.15,314.7,189.75,
633,1788.6,841.35,310.25,185.05,
634,1780.95,817.4,304.7,173.5,
635,1755.05,821.55,312.25,166.6,
636,1741.25,820.1,308.05,169.2,
637,1719.35,799.15,305.8,159.95,
638,1744.35,786.45,310.8,161.85,
639,1742.15,780.9,305,164.3,
640,1761.6,798.35,311.3,167.45,
641,1768.1,818.85,315.25,166.65,
642,1751.7,824.15,316.35,171.2,
643,1740,837.05,316.05,171.6,
644,1749.7,830.65,317.65,173.05,
645,1744.75,843.2,317.3,172.05,
646,1750.75,840.15,317.75,170.4,
647,1755.55,872.75,325.7,172.85,
648,1766.45,876.45,321.95,172.95,
649,1762.9,876.8,321.95,172.95,
650,1759.75,874.35,319.95,178.75,
651,1751.55,914.5,319.05,178.35,
652,1745.75,909.9,318.55,175.25,
653,1722.4,939.75,316.8,179.2,
654,1722.3,934.25,318.55,178.25,
655,1677.65,939.9,323.1,181.8,
656,1692.35,947.4,322.8,182.05,
657,1699.05,929.85,322.95,184.35,
658,1705.8,942.5,322.25,187.9,
659,1707.4,940.85,332.85,201.35,
660,1754.3,952.55,349.55,208.65,
661,1762.25,946.6,342.65,207.85,
662,1776.3,945.3,340.4,213.9,
663,1790.2,932.5,342.55,215.8,
664,1764.65,906.7,340.15,208.7,
665,1747.45,887.8,338.25,213.85,
666,1725.85,900.5,348.45,211.85,
667,1709.5,883.85,342.1,207.9,
668,1670.3,875.25,337.45,202.3,
669,1661.4,886.7,337.95,206.05,
670,1650.9,883.7,334.9,203.6,
671,1664.4,903.85,339.1,208.7,
672,1705.5,911.9,336.5,223.85,
673,1689.2,920.85,337.55,227.65,
674,1694.5,932.55,339.8,222.4,
675,1718.15,930.75,339.35,219.85,
676,1704.6,947,340.05,222.75,
677,1711.05,951.1,344.5,228.6,
678,1711,951.35,342.4,233.4,
679,1725.5,943.35,344.9,230.1,
680,1704.15,946,339.9,229.4,
681,1675.7,921.55,344.3,233.25,
682,1658.8,910.1,340.75,225.9,
683,1680.4,901.6,341.45,229,
684,1679.5,913.7,344.05,230.3,
685,1648.4,926.65,342.55,231.35,
686,1655.55,931.55,345.45,239.55,
687,1682.95,921,351.15,238.4,
688,1709.95,916.15,349.55,239.4,
689,1710.8,915.6,348.15,233.9,
690,1696.7,914.65,345.75,227.8,
691,1704.5,921.5,344.2,227.6,
692,1723,919.75,342.25,231.7,
693,1719.95,921,347.65,231.55,
694,1709.15,925.95,350.05,234.05,
695,1693.7,918.15,350.8,245.25,
696,1701.9,912.95,349.65,243.45,
697,1709.35,920.4,353.55,245.25,
698,1713.2,929.8,353.5,253.25,
699,1707.9,923.75,352.95,248.3,
700,1696.15,924.2,344.8,263.8,
701,1710.4,921.05,349.7,259.35,
702,1683.75,909.75,349,256.7,
703,1703.25,911.15,349.05,253.9,
704,1700.8,914.8,354.65,258.3,
705,1703.2,920.3,355,257.5,
706,1725.2,923.25,358.2,259.95,
707,1740.95,928.55,361.35,260.25,
708,1735.05,940.95,359.35,269.85,
709,1726.45,942.35,357.8,269.35,
710,1741.35,937.75,359.9,270.5,
711,1760.95,949,358.15,268.55,
712,1871.2,949.15,361.25,266.85,
713,1845.95,922.95,358.4,257.55,
714,1858.35,924.5,358.9,262.6,
715,1896.8,919.7,364.65,250.2,
716,1901.25,931.3,363.8,249.3,
717,1872,971.5,363.1,250.95,
718,1884.65,983.25,364,259.65,
719,1911.2,966.35,359.2,258.95,
720,1908.3,965.9,353.75,253.6,
721,1967.6,964.5,359.7,254.05,
722,1937.5,950.4,358.6,253.9,
723,1956.3,961.3,355.6,250.1,
724,1967.55,943.85,349.7,245,
725,1903.85,904.35,344.45,223.4,
726,1823.35,902.15,339.1,228.3,
727,1788.6,892.1,339.25,225.45,
728,1785.35,894.4,338.35,225.25,
729,1811.8,904.55,340.3,229.35,
730,1773.05,897.85,340.55,229.05,
731,1805.45,915.5,344.75,233.75,
732,1814,933.65,340.75,230.95,
733,1829.5,935.65,339.6,231.15,
734,1815.5,921.3,342.75,225.65,
735,1814.05,927,339.35,223.4,
736,1811.75,921.1,340.7,225.1,
737,1824.8,929.35,334.5,221,
738,1819.25,924.35,327.1,219.85,
739,1824.2,934.25,330.6,225.15,
740,1843.25,938.7,331.75,228.15,
741,1828.65,950.5,328.1,222.45,
742,1808.7,954.55,325.05,226.25,
743,1814.15,948.4,325.2,224.3,
744,1789.6,924.1,325,222.9,
745,1782.8,910.85,322.7,216.55,
746,1761.75,889.75,323.4,215.45,
747,1798.75,911.45,325.05,218.4,
748,1818.6,913.1,327.25,211.35,
749,1858.05,930.3,327.75,217.7,
750,1868.5,931.85,325.15,219.9,
751,1844.7,929.05,325,220.95,
752,1830,911.8,325.05,225.45,
753,1791.4,900.05,321.25,226.3,
754,1774.5,895.5,319.7,214.35,
755,1800.05,889.8,319.35,215.4,
756,1817.85,896.9,322.45,216.05,
757,1809.55,908.15,316.95,213.2,
758,1789.6,893.9,318.2,203,
759,1830.15,901.1,315.55,209.45,
760,1823.15,899.8,324.85,207,
761,1825.6,882.7,328.4,201.25,
762,1838.05,892.95,335.9,201,
763,1825.7,899.55,337.7,203.3,
764,1803.3,894.9,335.5,198.6,
765,1824.45,908.2,336.9,206.25,
766,1829,911,342.85,204.35,
767,1836.7,916,342.2,206.05,
768,1817.5,917.05,337.05,212.9,
769,1812.4,930.85,344.4,213.55,
770,1829.05,928.7,345,208.9,
771,1840.6,938.85,340.45,210.25,
772,1870.45,937.05,343.5,214.5,
773,1889.7,944.25,343.75,216.9,
774,1877.7,938,355.85,212.5,
775,1858.65,942.3,358.35,215.35,
776,1834.15,927.9,355.15,210.75,
777,1830.85,936,357.6,212.05,
778,1859.55,970.05,356.9,215.85,
779,1849.5,970.5,358.9,218.85,
780,1850.45,975.35,357.1,219.1,
781,1853.75,996.3,366.45,222.35,
782,1883.25,963.3,369.4,223.1,
783,1910.6,972.7,371.8,215.85,
784,1922.7,961.6,369.9,213.6,
785,1910.35,953.95,370.35,211.3,
786,1918.7,971,369.35,215.7,
787,1903.35,967.1,369.7,222.45,
788,1897.65,976.7,368.55,221.4,
789,1894.3,981.15,367.85,213.6,
790,1919.8,989.25,366.45,214.25,
791,1930.6,986.6,370.5,206.45,
792,1929.55,978.95,370.65,203.3,
793,1914.55,956.15,373.85,205.9,
794,1875.1,945.35,371.35,205.45,
795,1853,933.85,374.55,197.3,
796,1819.2,931.35,373.15,193.55,
797,1810,926.75,374.7,198.45,
798,1783.65,912.25,368.2,195.85,
799,1806.1,915.85,369.5,196.4,
800,1819.75,920.8,378.3,202.7,
801,1829.55,920.4,377.8,207.1,
802,1809.75,917.45,385.55,205.2,
803,1790.8,916.1,381.9,207.85,
804,1833,921.35,383.3,209.9,
805,1844.25,930.55,386.75,206.95,
806,1833.15,940.85,384.95,199.15,
807,1848.4,947.65,380.9,199.55,
808,1858.45,954.4,378.6,200.5,
809,1869,971.35,383.95,203.05,
810,1840.45,984.35,382.35,205.8,
811,1839.45,982.65,386.2,202.45,
812,1847.7,997.15,387,205.1,
813,1832.3,1002.5,388.15,205,
814,1833.75,1007.95,386.9,205.9,
815,1832.25,1014.2,383.85,199.85,
816,1823.55,1015.55,386.4,199.55,
817,1828,996.05,379.85,195.55,
818,1847,1019.25,379.8,200.7,
819,1858.9,1031.95,385.6,198.85,
820,1906.75,1012.5,385.15,200.7,
821,1893.8,1004.45,384.45,196.55,
822,1915.85,978.95,386.5,195.65,
823,1904.85,965.85,393.5,191.85,
824,1878,944.95,387.45,185.15,
825,1908.1,972.45,391.45,188.8,
826,1897.1,960.6,383.7,184.2,
827,1879.7,971.3,384.75,185.8,
828,1922.5,990.1,379.75,185.3,
829,1931.05,964.5,376.8,181.2,
830,1916.85,977.55,370,186.65,
831,1904.9,997.1,375.15,187.3,
832,1942.55,1025.7,376.25,194.35,
833,1928.1,1038.8,378.7,192.05,
834,1962.7,1082.35,378.1,189.45,
835,1972.5,1099.8,376.1,187.7,
836,1991.2,1076.2,367.3,178.05,
837,1989.3,1092.35,377.85,179.95,
838,2009.45,1092.55,374.25,170.7,
839,1988.4,1104.85,375.3,169.85,
840,1973.85,1128.65,373,170.4,
841,1966.85,1120.3,373.9,177.65,
842,1975.55,1110.95,373.7,189.1,
843,2000.85,1115.15,371.6,183.5,
844,2023.4,1110.65,373.3,190.2,
845,2047.25,1129.85,386,190.5,
846,2028.75,1151.4,393.45,188.9,
847,1994.85,1186,421.55,196.3,
848,1970.15,1192.35,432.25,193.35,
849,1931.95,1168.35,428.9,187.75,
850,1977.5,1176.95,436.9,188.9,
851,1979.3,1192.6,436,189.35,
852,1978.6,1184.2,443.2,186.8,
853,1984.6,1217.7,445.15,188.95,
854,1969.95,1217.95,445.9,200.6,
855,1974.3,1204.2,442.6,196.55,
856,1947,1187.7,441.2,194.15,
857,1941.5,1210.6,453,202.8,
858,1891.2,1200.8,444.9,206.7,
859,1885.65,1203.75,456.2,210.15,
860,1920.05,1234.9,453.3,214.85,
861,1913.35,1247.2,458.8,208.2,
862,1906.3,1269.45,483.95,211.9,
863,1919.05,1277.5,475.1,212.95,
864,1924.85,1291.5,481.95,213.65,
865,1955.15,1319,485.75,213.35,
866,1956.25,1294.2,477.8,217.5,
867,1934.15,1274.45,479.9,221.1,
868,1935.95,1241.65,478.75,220.8,
869,1944.8,1229.15,466.35,212.45,
870,1954.8,1241.95,448.6,201.85,
871,1937.4,1227,456.9,202.35,
872,1956.15,1261.4,454.1,204.5,
873,1920,1278.6,468.3,208.35,
874,1883.55,1255.85,449.9,204.6,
875,1868.05,1237.7,443.75,198.9,
876,1877.8,1252.5,454.2,202.45,
877,1925.45,1253.15,468.25,209.25,
878,1878.85,1225.9,461.85,213.2,
879,1855.7,1217.15,470.4,202.8,
880,1830.65,1210.75,466.85,201.25,
881,1839.4,1217.5,455.7,199.55,
882,1718.7,1232.05,432.4,185.1,
883,1773.35,1230.6,437.5,177.6,
884,1767.45,1251.4,436.45,182.6,
885,1729,1253.75,437.3,171.9,
886,1754.5,1257.95,426.9,162.55,
887,1806.35,1231.7,439.25,158.45,
888,1797.55,1205.1,425.3,154.8,
889,1778.45,1122.25,415.45,158.4,
890,1708.65,1048.85,420.05,149.25,
891,1667.7,1109.4,409.7,151.85,
892,1712.75,1090.05,392.4,153.5,
893,1736.95,1102.1,405.25,163.7,
894,1684.55,1087.8,393.35,153.45,
895,1730.3,1126.55,407.85,157.65,
896,1732.9,1139.75,396.35,156.8,
897,1756.25,1163.8,406.65,158.15,
898,1737.8,1151.3,403.05,144.35,
899,1660.25,1101.3,404.45,153.15,
900,1658.3,1062.65,404.7,152.8,
901,1686.75,1054.7,400.6,153.45,
902,1741.45,1045.75,405.15,156.65,
903,1694.45,1030.8,398.55,154.95,
904,1702.1,1044.9,398.25,153.85,
905,1698.4,1087.8,409.4,164.45,
906,1671.9,1057,396.35,161.85,
907,1769.25,1061.25,384.75,164.75,
908,1762,1056.25,370.65,171.85,
909,1824.4,1074.9,369.45,169.95,
910,1792.9,1090.3,366.85,173.2,
911,1805.9,1104.1,365.95,172.5,
912,1815.85,1110.7,369.3,172.95,
913,1816.1,1093.45,377.2,174.35,
914,1795.9,1080,376.3,171.4,
915,1824.7,1099.45,369.55,171.4,
916,1839.15,1097.95,378.85,162.65,
917,1853.6,1096.85,388.85,169.85,
918,1889,1127.4,395.65,169.4,
919,1899.35,1150,408.5,172.75,
920,1876.8,1137.4,394.1,174.9,
921,1868.15,1112.9,400.5,182.8,
922,1873.7,1102.85,400.8,177.1,
923,1884.65,1109.75,419.05,177.5,
924,1901.7,1128.2,420.85,178.15,
925,1928,1152.65,414.8,175.95,
926,1956.3,1168.5,414.95,179.45,
927,1989,1167.55,409.1,178.1,
928,1980.75,1156.45,412.95,180.45,
929,1939.45,1152.3,409,173.8,
930,1973.3,1155.15,409.55,177,
931,1945.8,1123.65,400.6,167.4,
932,1951.35,1133.8,411.45,172.55,
933,1906.5,1090.25,405.6,166.65,
934,1905.25,1097.55,412.45,171.45,
935,1940.2,1110.5,430.55,179.25,
936,1942.05,1107.05,434.7,178.85,
937,1904.1,1112.2,444.05,178.75,
938,1960.35,1129.9,442.4,178.3,
939,1952,1136.4,442.9,178.05,
940,1981.7,1136.8,456.8,191.5,
941,1974.7,1128.45,444.05,189.85,
942,1948.6,1100.2,437.75,187.1,
943,1902.15,1089.15,425.85,178.1,
944,1933.35,1098.35,422.6,177.6,
945,1948.85,1120.2,429.95,175.65,
946,1979.95,1125.55,433.25,177.95,
947,1968.35,1121.25,430.65,177.55,
948,2009,1121,421.85,180.3,
949,1980.65,1106.4,416.4,173.1,
950,1936.85,1092.75,422,172.45,
951,1972.6,1098.65,419.25,175.15,
952,1972.9,1104.75,420.45,179.8,
953,1958.95,1104.65,416.4,181.5,
954,1994.95,1110.75,421.5,182.1,
955,1980.1,1107.5,421.15,183.55,
956,1991.4,1098.05,421.65,182.15,
957,1969.2,1096.8,433.5,181.15,
958,1992.15,1129.65,426.1,185.95,
959,1975,1135.9,423.85,182.95,
960,2004.55,1134.45,420.3,184.2,
961,2006.85,1184.35,424.1,180.35,
962,2004.45,1237.7,428.15,177.25,
963,1979.4,1235.15,433.35,180.05,
964,1958.25,1226.3,430.65,177.25,
965,1971.1,1247.45,430.4,177.75,
966,1977.8,1246,430,158,
967,1946.9,1229.55,427.4,164.05,
968,1922.3,1210.65,423.15,164.9,
969,1885.8,1195.7,431.15,164.2,
970,1922.35,1227.15,443.65,164.85,
971,1961.25,1249.95,451.85,165.7,
972,1978.5,1290.9,447.45,163.6,
973,1981.4,1291.55,449.05,159.75,
974,1987.95,1310.25,453.7,160.35,
975,1969.65,1290.4,459.8,160.4,
976,1944.65,1277.7,451.95,164.75,
977,1948.2,1253.25,448.95,163.7,
978,1905.05,1256.4,446.25,159.15,
979,1930.5,1245.95,439.5,157.95,
980,1900.7,1224.2,440.2,162.3,
981,1874.9,1244.45,434.3,158.1,
982,1874.85,1220.1,422.35,156,
983,1853.45,1216.1,420.8,163.4,
984,1870.5,1234.35,424.7,163,
985,1891.45,1246.9,426.55,165.3,
986,1887.4,1232.35,435.4,169.25,
987,1894.5,1232.3,431.9,168.15,
988,1853.65,1220.25,428.85,166.4,
989,1841,1223.5,434.6,164.35,
990,1841.2,1231.05,438.05,164.7,
991,1859.45,1226.05,445.3,167.25,
992,1860,1237.65,442.8,175.6,
993,1885.2,1264.8,436.75,177.35,
994,1880.2,1270.25,433.1,175.95,
995,1884.05,1267.1,432.2,175.35,
996,1897.55,1304.1,442.3,176.85,
997,1930,1331.35,447.3,187.75,
998,1950.65,1347.3,440.3,192.15,
999,1956.95,1341.55,438.9,201.85,
1000,1974.65,1321.65,425.45,197.45,
1001,1962.4,1350.05,428.4,197.75,
1002,1967.85,1376.55,427.05,194,
1003,1987.55,1375.45,426.05,199.35,
1004,1981.55,1341.75,425.05,196.15,
1005,1945.65,1324.45,419.95,189.25,
1006,1946.3,1367.25,425.1,196.55,
1007,1919.9,1349.25,411.25,190.4,
1008,1944.45,1360,410.95,194.05,
1009,1968.25,1363.25,408.8,202.45,
1010,1959.65,1391.85,400.95,195.55,
1011,1995.95,1389.7,402,199.5,
1012,2013.1,1375.2,403.45,202.1,
1013,2042.05,1353.05,405.05,200.85,
1014,2059.2,1353.9,400.35,201.6,
1015,2054.9,1329.25,401.1,184.6,
1016,2069.15,1334.45,403.65,188.15,
1017,2029.25,1331.4,403.3,180.1,
1018,2022.8,1346.8,403.7,177.7,
1019,2024.95,1343.1,407.3,181.85,
1020,2014.25,1340.15,405.75,184.75,
1021,2026.7,1343.75,409,183.35,
1022,2003.75,1385.95,404.95,183.1,
1023,1953.9,1345.35,403.55,172.95,
1024,1934.7,1363.85,403.05,172,
1025,1980.4,1389.5,398.65,176.05,
1026,1955.15,1372.4,395.1,173.6,
1027,1977.4,1392.8,397.95,174.3,
1028,1995.05,1392.8,398.1,172.75,
1029,2017.4,1405.05,382.15,171.85,
1030,2006.4,1408.85,380.2,177.95,
1031,1965.45,1384.9,377.75,173.9,
1032,1966.3,1343.5,375.5,169.6,
1033,1930.75,1299.45,367.25,168.95,
1034,1914.6,1256.45,367.3,167.8,
1035,1931.7,1251.15,369.8,166.5,
1036,1952.9,1232.05,363.15,164.35,
1037,1965.2,1260.45,368.6,166.25,
1038,1944.95,1256.9,363.55,161.45,
1039,1942.1,1265.35,361.05,162.9,
1040,1993.65,1267.4,370.05,164.45,
1041,2122.5,1325.9,382.4,173.75,
1042,2114.5,1339.8,382.95,171.5,
1043,2138.8,1340.4,385.65,173.9,
1044,2114.4,1333.9,385.45,180.7,
1045,2123.4,1336.85,399.05,191.65,
1046,2165.3,1310.65,400.1,197,
1047,2147.85,1323.75,398.1,195.4,
1048,2147.45,1313.05,399,193.7,
1049,2184.4,1329.75,396.35,194.7,
1050,2182.65,1330.15,395.95,191.2,
1051,2230.45,1360.2,408.8,196.15,
1052,2223.95,1351.65,405.55,195.45,
1053,2183.45,1327.35,402.95,190.4,
1054,2210.85,1314.9,404.15,190.05,
1055,2194.05,1319.15,409.3,189.25,
1056,2189.85,1329.15,409.75,191.55,
1057,2181.95,1332.15,409,184.55,
1058,2197.5,1327.25,409.05,184.95,
1059,2185.85,1317.55,400.55,177.85,
1060,2173,1282.3,400.85,172.65,
1061,2153,1281,387.7,173.7,
1062,2175.4,1277.35,381.95,176.4,
1063,2199.25,1296.75,387.8,181.35,
1064,2140.8,1279.5,392.6,177.55,
1065,2148.9,1262.4,392.35,175.55,
1066,2172.8,1295.85,394.3,176.25,
1067,2168.1,1294.15,394.25,184.6,
1068,2195.45,1274.15,401.1,185.6,
1069,2192.1,1253.1,400.5,188.55,
1070,2245.9,1268.85,401.75,190.8,
1071,2281.25,1278.5,402.65,192.5,
1072,2277.2,1282.55,407.65,193.65,
1073,2280.25,1284,402.95,194.6,
1074,2278.9,1263.35,407.3,186.95,
1075,2259.95,1252.05,401.35,182.4,
1076,2232.8,1280.1,406.25,183.65,
1077,2227.75,1278.85,409.75,177.7,
1078,2261.9,1281.55,409.25,186,
1079,2257.8,1280.5,407.7,186.15,
1080,2265.35,1276.1,410.7,186.05,
1081,2277.55,1293,425,191.35,
1082,2286.7,1281.85,431.15,190.7,
1083,2345.15,1261.85,428.9,183.2,
1084,2303.55,1249,420.2,180.05,
1085,2186.9,1280.5,421.4,179.5,
1086,2138.5,1273.55,423.75,180.2,
1087,2184.25,1259.1,420.95,177.35,
1088,2195.35,1231.5,422.85,176.35,
1089,2165.75,1213.8,428.15,180.5,
1090,2149,1210.95,427.9,179.45,
1091,2127.25,1180.9,422.95,177.75,
1092,2121.8,1166.25,426.45,178.15,
1093,2086.8,1180.25,425.4,172.4,
1094,2124.8,1184.35,426.5,171.8,
1095,2152.35,1143.35,429.6,164.9,
1096,2189.9,1128.3,433.5,168.25,
1097,2175.2,1109.4,430.65,165.9,
1098,2182.3,1152.35,435.4,171.8,
1099,2211.65,1162.1,439.05,175.65,
1100,2100.1,1274.75,429.25,173.75,
1101,2117.7,1288.25,431.75,174.9,
1102,2100,1278,428.05,177.65,
1103,2114.05,1292.6,432.1,178.95,
1104,2090.1,1275.95,431.75,177.3,
1105,2066.9,1270.95,427.05,171.6,
1106,2014.1,1246.75,427.5,144.45,
1107,2043.75,1275.85,424.4,152.1,
1108,2148.35,1266.8,435.85,159.6,
1109,2174.3,1274.85,440.15,160.75,
1110,2187.15,1263.3,434.8,164.2,
1111,2128.45,1241.75,442.85,165.1,
1112,2166.45,1248.55,448.8,168.15,
1113,2089.9,1206.4,443.05,163.55,
1114,2100.1,1201.15,442.2,163.95,
1115,2044.15,1198.6,438.95,159.35,
1116,2041.45,1222.5,441.3,154.25,
1117,2064.25,1222.2,444.25,154.2,
1118,2071.85,1234.4,449.1,160.4,
1119,2082.75,1210.35,450.2,159.7,
1120,2083.85,1225.6,452.2,166.05,
1121,2046.75,1210.75,454.75,161.75,
1122,1996.25,1197.45,451.7,155.6,
1123,1988.3,1205.7,460,157.15,
1124,1974.6,1179.05,458.55,155.4,
1125,2049.3,1254.35,445.7,168.3,
1126,2162,1239.2,440.8,167.7,
1127,2130,1278.7,451.9,167.25,
1128,2069.95,1279.55,445.55,155.75,
1129,2063.2,1296.8,447.2,161.75,
1130,2035.9,1309.05,447.1,158.35,
1131,1977.05,1332.25,447.25,155.6,
1132,1995.65,1304.9,439.65,144.2,
1133,1974.55,1311.05,433.65,149.9,
1134,1978.3,1308.1,425.7,147.35,
1135,1969.3,1310.1,432.55,143.9,
1136,2002,1324.75,443.8,147.75,
1137,1987.95,1362.75,439.4,142.45,
1138,2010.15,1352.6,445.6,145.6,
1139,2014.75,1358,455,154.85,
1140,2013.3,1364.15,450,156.15,
1141,2048.7,1372.35,456.1,159.75,
1142,2089.75,1396.5,462.4,163.85,
1143,2094.45,1416.35,466.5,168.85,
1144,2114.9,1414.15,472.6,178.2,
1145,2142.95,1392.4,471.75,174.95,
1146,2144.95,1436.45,469.8,176.5,
1147,2101.55,1431.2,465.55,181,
1148,2105.35,1434.25,469.3,179.8,
1149,2113.05,1467.05,465.85,180.95,
1150,2107.45,1479.1,460.35,181.55,
1151,2131.9,1464.35,461.95,183.3,
1152,2128.6,1456.9,463.85,185.15,
1153,2181.3,1457.65,460.4,184.3,
1154,2181.3,1447.3,481.35,184.35,
1155,2220.6,1434.9,476.55,191.5,
1156,2251,1458.6,477.7,192.5,
1157,2233.2,1445.5,473.65,203.1,
1158,2234.55,1427.8,477.45,207.65,
1159,2207.45,1472.3,463.9,202.2,
1160,2226.8,1462.75,462.55,208.9,
1161,2224.05,1470.85,461.7,211.75,
1162,2236.3,1459.2,455.1,216,
1163,2212.1,1509.75,453.7,214.95,
1164,2200.95,1547.65,468.8,212.1,
1165,2210.35,1537.6,464.25,216.85,
1166,2237.3,1546.5,463.8,217.25,
1167,2294.55,1561.55,469.6,220.35,
1168,2304.65,1560.25,462.75,220.05,
1169,2336.3,1569.85,469.3,215.85,
1170,2309.75,1580.3,466.25,217.95,
1171,2297.25,1551.15,459.1,219.7,
1172,2306.6,1586.5,453.75,218.1,
1173,2319.7,1578.9,451.05,218.9,
1174,2322.4,1552.7,457.8,220.25,
1175,2327.55,1550.85,466.1,221.1,
1176,2264.65,1554.9,463.8,218.4,
1177,2311.4,1572.6,465.35,217.15,
1178,2295.15,1561.95,456.9,216.8,
1179,2321.65,1562.4,451.4,223.35,
1180,2318.45,1568.2,457.7,224.9,
1181,2354.5,1582.9,460,228.95,
1182,2375.25,1566.6,459.5,230.25,
1183,2430.1,1562.7,460.6,229.9,
1184,2445.15,1575.85,462.8,227.8,
1185,2411.9,1609.95,460,228.4,
1186,2404.1,1599.1,459.8,230.55,
1187,2422.65,1571.4,461,227.3,
1188,2412.75,1546.45,457.7,228.65,
1189,2414.1,1515.4,457.6,226.75,
1190,2444.15,1542.35,459.8,232.9,
1191,2438.25,1544.2,462.6,233.25,
1192,2412.55,1514.05,458.4,230.9,
1193,2433.95,1509.6,459.8,227.55,
1194,2466.4,1535.3,459.95,233.75,
1195,2454.45,1537.15,455.6,228.6,
1196,2384.1,1501.5,448,220.95,
1197,2415.05,1524.6,453.5,225.5,
1198,2406.15,1513.15,456.65,227.65,
1199,2457.4,1548,460.7,238.25,
1200,2457.55,1547.65,466.85,244.2,
1201,2462.55,1543.7,478.7,252.8,
1202,2492.3,1529.4,482.65,254.55,
1203,2488.6,1523.85,490.55,255.9,
1204,2482.1,1537.9,487.6,258.15,
1205,2453.95,1581,489.65,261.25,
1206,2454.35,1532.35,486.05,258.95,
1207,2465.45,1533.9,487,257.1,
1208,2416.6,1533.35,486.8,258.1,
1209,2428.4,1526.85,489.8,260.7,
1210,2450.75,1521.55,500.5,262.85,
1211,2395.8,1506.55,493.2,257.1,
1212,2431.6,1471.75,488.4,257.65,
1213,2404.25,1479.85,491.6,258.6,
1214,2415,1443.75,478.75,254.65,
1215,2414,1411.65,495.75,260.45,
1216,2268.25,1383.35,486.4,228.9,
1217,2259.75,1385.5,497,230.85,
1218,2345.95,1426.4,503.35,245.25,
1219,2391.65,1448.5,511.15,253.45,
1220,2436.45,1457.8,509.65,246.3,
1221,2405.65,1433.65,513.65,235.8,
1222,2414.3,1435.6,512.85,233.8,
1223,2435.15,1452.75,508.9,233.85,
1224,2437.6,1470.3,519.9,230.85,
1225,2403.65,1474.15,512.7,231.35,
1226,2401.75,1487.6,506.1,226.2,
1227,2350.25,1478.25,500.95,219.4,
1228,2318.8,1467.4,504.55,217.95,
1229,2377.25,1503.8,508.05,226.9,
1230,2369.5,1485.95,506.15,220.1,
1231,2292.3,1444.95,501,212.5,
1232,2302.6,1416.4,500.25,216.75,
1233,2281.45,1392,501.95,212.45,
1234,2272.2,1386.25,506.35,208.7,
1235,2175.75,1328.65,496.1,201.7,
1236,2179.65,1316.15,499.25,203.85,
1237,2191.4,1342.85,506.6,206.8,
1238,2206.05,1339.7,514.4,203.95,
1239,2195.05,1311.15,517.95,202.6,
1240,2109.45,1271,500.55,194.45,
1241,2027.9,1114.15,483.15,182.35,
1242,2036.25,1153.55,488,178.45,
1243,1875.7,1063,455.25,156.9,
1244,2066.8,1105.3,450.6,166.75,
1245,1841.75,1015.7,431.5,149,
1246,1755.8,1008,430.4,144.6,
1247,1622.55,968.5,414.55,140.15,
1248,1617.6,917.7,418.85,128.45,
1249,1753.95,1017.95,444.35,139.8,
1250,1520.7,884.05,396.05,126.15,
1251,1505.1,943.4,401.2,120.8,
1252,1646.05,1082.25,405.2,123.8,
1253,1733.25,1066.2,425.95,138.15,
1254,1754,1065.6,423,138.75,
1255,1558.75,1030.45,427.55,130.75,
1256,1633.1,1113.75,450.05,137.45,
1257,1583.5,1080.45,434.85,132.55,
1258,1499.55,1077.45,427.8,132.1,
1259,1555.15,1206.1,477.55,141.55,
1260,1558.8,1192.15,488.3,138,
1261,1703.1,1219.95,485.35,149.1,
1262,1655.2,1189.15,479.8,139.75,
1263,1596.3,1149.85,502.85,140.3,
1264,1625.75,1168.05,503.5,134,
1265,1680.6,1224,490.1,136.9,
1266,1727.7,1243.8,492.85,134.4,
1267,1669.7,1237.35,498.2,132.65,
1268,1664.15,1363.6,502.7,133.55,
1269,1663.45,1370.9,499,137,
1270,1580.3,1417,499.05,128.2,
1271,1591.45,1429.75,491.75,133,
1272,1715.8,1428.15,487.55,138,
1273,1836.75,1426.95,478.25,141.65,
1274,1916,1466,489.3,146.85,
1275,1724.35,1435.2,468.75,133.05,
1276,1689.9,1460.65,452.5,126.8,
1277,1732.15,1460.75,455.7,129.9,
1278,1703.9,1506.95,441.9,129.15,
1279,1689.7,1561.8,446.8,130.15,
1280,1658.45,1576.8,446.55,133.35,
1281,1674.1,1479.25,443.15,136.95,
1282,1712.75,1496.45,444.05,141.1,
1283,1632.4,1435.95,458.6,137.05,
1284,1633.8,1459.4,443.9,138.8,
1285,1512.05,1440.75,436.1,132.45,
1286,1539.85,1408.9,437.1,131.45,
1287,1627,1433.7,439.65,139.25,
1288,1597.3,1441.25,440.15,138.6,
1289,1516.15,1431.55,431.7,135.15,
1290,1502.15,1424.05,433.1,136.75,
1291,1570.4,1445.55,428.95,137.65,
1292,1623.7,1472.25,448.4,144.05,
1293,1658.9,1464.4,466.45,150.65,
1294,1737.7,1520.35,469.25,152.2,
1295,1813.55,1535.7,460.85,157.2,
1296,1835.65,1541.65,463.35,156,
1297,1764.3,1579.8,462.55,156.35,
1298,1766.6,1581.7,462.85,157.2,
1299,1760.8,1569.5,458.1,152.95,
1300,1772.1,1537.15,466.55,153.35,
1301,1809.3,1572.15,461.9,156.8,
1302,1787.45,1537.7,450.1,150.75,
1303,1792.2,1588.8,455.65,154.05,
1304,1751.65,1614.55,453.65,145.9,
1305,1821.9,1617.7,448.5,146.6,
1306,1794.65,1615.35,440.5,150.05,
1307,1855.95,1655.9,440,147.7,
1308,1835.1,1759.4,443.05,161.8,
1309,1819.4,1746.15,443.5,159.95,
1310,1838.1,1720.9,458.6,168.65,
1311,1797.75,1727.85,455.05,160.05,
1312,1777.8,1717.9,459.15,157.25,
1313,1769.35,1741.65,460.35,154.4,
1314,1741.15,1723.15,463.75,151.5,
1315,1754.65,1704.1,465.95,148.05,
1316,1835.15,1737.6,466.6,150.25,
1317,1889.45,1760.35,465.05,152.85,
1318,1885.2,1787.9,467.05,151.25,
1319,1868.7,1851.8,465.95,154.85,
1320,1886.75,1823.45,478.55,153.05,
1321,1886.05,1798,473.25,146.4,
1322,1941.85,1824.25,473.05,146,
1323,1886,1878.05,474.15,147.75,
1324,1845.55,1935,484.5,142.9,
1325,1791.6,1917,479.45,139.9,
1326,1789.9,1844,479.65,137.1,
1327,1787.8,1843.4,487.65,138.55,
1328,1805.85,1911.7,490.75,140.75,
1329,1806.05,1919.9,500.95,140.95,
1330,1883.65,1971.55,491.65,143.3,
1331,1881.05,2004,481.05,142.7,
1332,1875.8,2057.8,479.45,142.75,
1333,1841.3,2146.15,471.5,138.9,
1334,1850.75,2156.2,466.4,136.2,
1335,1897.35,2177.7,475.1,141.15,
1336,1877.3,2096.65,489.6,139.85,
1337,1810.65,2108.85,491.9,140.1,
1338,1781.95,2067.1,513.55,141.15,
1339,1739.8,2009,510.45,138.5,
1340,1781.1,2150.6,506.95,142.6,
1341,1776.7,2126.45,503.05,142.55,
1342,1783.75,2134.1,506.8,142.65,
1343,1777.7,2146.45,512.3,141.85,
1344,1798.95,2119.85,508.55,148.65,
1345,1826.75,2133.8,513.15,146.55,
1346,1814.2,2127.6,503.6,146.55,
1347,1804.85,2122.05,497.85,147.75,
1348,1791.7,2113.8,497.1,142.45,
1349,1800.55,2091.35,495.55,147.15,
1350,1820.7,2118.55,497,157.15,
1351,1827.95,2131.55,494.2,157.55,
1352,,,,,
1353,,,,,
1354,,,,,
1355,,,,,
1356,,,,,
1357,,,,,
1358,,,,,
1359,,,,,
1360,,,,,
1361,,,,,
1362,,,,,
1363,,,,,
1364,,,,,
1365,,,,,
1366,,,,,
1367,,,,,
1368,,,,,
1369,,,,,
1370,,,,,
1371,,,,,
1372,,,,,
1373,,,,,
1374,,,,,
1375,,,,,
1376,,,,,
1377,,,,,
1378,,,,,
1379,,,,,
1380,,,,,
1381,,,,,
1382,,,,,
1383,,,,,
1384,,,,,
1385,,,,,
1386,,,,,
1387,,,,,
1388,,,,,
1389,,,,,
1390,,,,,
1391,,,,,
1392,,,,,
1393,,,,,
1394,,,,,
1395,,,,,
1396,,,,,
1397,,,,,
1398,,,,,
1399,,,,,
1400,,,,,
1401,,,,,
1402,,,,,
1403,,,,,
1404,,,,,
1405,,,,,
1406,,,,,
1407,,,,,
1408,,,,,
1409,,,,,
1410,,,,,
1411,,,,,
1412,,,,,
1413,,,,,
1414,,,,,
1415,,,,,
1416,,,,,
1417,,,,,
1418,,,,,
1419,,,,,
1420,,,,,
1421,,,,,
1422,,,,,
1423,,,,,
1424,,,,,
1425,,,,,
1426,,,,,
1427,,,,,
1428,,,,,
1429,,,,,
1430,,,,,
1431,,,,,
1432,,,,,
1433,,,,,
1434,,,,,
1435,,,,,
1436,,,,,
1437,,,,,
1438,,,,,
1439,,,,,
1440,,,,,
1441,,,,,
1442,,,,,
1443,,,,,
1444,,,,,
1445,,,,,
1446,,,,,
1447,,,,,
1448,,,,,
1449,,,,,
1450,,,,,
1451,,,,,
1452,,,,,
1453,,,,,
1454,,,,,
1455,,,,,
1456,,,,,
1457,,,,,
1458,,,,,
1459,,,,,
1460,,,,,
1461,,,,,
1462,,,,,
1463,,,,,
1464,,,,,
1465,,,,,
1466,,,,,
1467,,,,,
1468,,,,,
1469,,,,,
1470,,,,,
1471,,,,,
1472,,,,,
1473,,,,,
1474,,,,,
1475,,,,,
1476,,,,,
1477,,,,,
1478,,,,,
1479,,,,,
1480,,,,,
1481,,,,,
1482,,,,,
1483,,,,,
1484,,,,,
1485,,,,,
1486,,,,,
1487,,,,,
1488,,,,,
1489,,,,,
1490,,,,,
1491,,,,,
1492,,,,,
1493,,,,,
1494,,,,,
1495,,,,,
1496,,,,,
1497,,,,,
1498,,,,,
1499,,,,,
